rank,sku,pid,commentId,commentDate,score,countryCode,user,comment,imageUrls
1,CJJT1006521,1357289526732656640,1667007503428751363,2023-06-09T19:41:21+08:00,5,MX,P***g,excelente 👌 a mis gatos 🐱 les encantan,https://cc-west-usa.oss-us-west-1.aliyuncs.com/comment/additional/0001/image/2023-06-09/5fecf31d-6976-4a93-aa9b-1bbe30d8329d.jpg
1,CJJT1006521,1357289526732656640,1667007503428751361,2023-06-09T04:26:19+08:00,5,MX,O***v,excelente 👌,https://cc-west-usa.oss-us-west-1.aliyuncs.com/comment/additional/0001/image/2023-06-09/d7f8d58d-fdf1-48f2-b2d5-13de81331a92.jpg
1,CJJT1006521,1357289526732656640,1667007503428751362,2023-06-08T05:35:07+08:00,5,IT,N***h,Perfetto e Co segnato prima del previsto 👍,
1,CJJT1006521,1357289526732656640,1667007503424557056,2023-06-07T23:07:42+08:00,3,US,J***w,too small,
1,CJJT1006521,1357289526732656640,1667007492309651456,2023-06-06T09:37:17+08:00,5,BG,F***r,"Fast shipping, the product came really fast, before the end day. It came today 06.06 and the end date was 27.06, so I'm really happy! It was well packed, it's in perfect condition, no smell. It's beautiful and you can feel the cold on the pad inside, so it's perfect for the summer, for cats or small dogs. It's easy for cleaning and I see you can wash it, so it's good product.We still didn't try it with the cat, but when we do, I'll try to take photos to see if she likes it.",https://cc-west-usa.oss-us-west-1.aliyuncs.com/comment/additional/0001/image/2023-06-09/e1a6e9a4-edfd-4dec-9ce7-f0bf6afe0310.jpg
1,CJJT1006521,1357289526732656640,1667007492313845760,2023-06-06T07:15:28+08:00,5,ES,T***z,"Mis dos Gaticos no se acomodaban con ninguna cama, gaste mucho dinero buscándoles una que usarán  y me quede encantada con estas, fue desempacarlas  y desde ese mismo momento se quedaron a dormir en ellas toda la tarde y no cambian estas camas por ningún sillón, son maravillosas, sencillas pero maravillosas.  Gracias Vendedor y muy cumplidos son el envio",
1,CJJT1006521,1357289526732656640,1667007492334817282,2023-06-03T23:56:31+08:00,5,FR,K***u,Maurice est très content,
1,CJJT1006521,1357289526732656640,1667007492313845763,2023-06-02T23:59:43+08:00,5,UA,R***g,"Гарна якість. Але треба брати більше за розміром.
рашисти идите на х..й и в пекло",
1,CJJT1006521,1357289526732656640,1667007492334817281,2023-05-29T06:34:20+08:00,5,HK,D***q,Excellent my furkid love it thank you . ,
1,CJJT1006521,1357289526732656640,1667007492334817286,2023-05-24T21:38:21+08:00,5,ES,G***i,everything ok,
1,CJJT1006521,1357289526732656640,1667007492334817284,2023-05-23T21:04:22+08:00,5,ES,N***x,De momento le gusta,
1,CJJT1006521,1357289526732656640,1667007492326428672,2023-05-20T19:52:55+08:00,5,ES,K***c,Todo perfecto. Se pasa casi todo el día tumbado allí ,
1,CJJT1006521,1357289526732656640,1667007492313845761,2023-05-19T01:01:43+08:00,5,MX,L***h,excelente 👌,https://cc-west-usa.oss-us-west-1.aliyuncs.com/comment/additional/0001/image/2023-06-09/50c7e956-ce54-481b-aad3-a9b74dc8c881.jpg|https://cc-west-usa.oss-us-west-1.aliyuncs.com/comment/additional/0001/image/2023-06-09/2283e2c7-1e3a-4a70-aadf-eb38192b0dbf.jpg
1,CJJT1006521,1357289526732656640,1667007492334817285,2023-05-11T04:52:02+08:00,5,BE,P***f,prima,
1,CJJT1006521,1357289526732656640,1667007492334817283,2023-05-07T13:39:59+08:00,5,MX,J***x,"es más delgada de lo esperado, pero todo bien",
1,CJJT1006521,1357289526732656640,1667007492334817280,2023-05-06T10:13:57+08:00,5,BE,M***h,Fur baby is happy so I am happy and he is a picky one. How cool is it going to be at the summer time will tell. It arrived very quick.,
1,CJJT1006521,1357289526732656640,1667007503428751360,2023-05-03T17:34:58+08:00,3,KR,K***f,사진과같은데얇아요,
1,CJJT1006521,1357289526732656640,1667007492334817291,2023-05-02T15:55:05+08:00,5,KR,Q***b,매우만족,
1,CJJT1006521,1357289526732656640,1667007492334817288,2023-04-29T02:22:00+08:00,5,CZ,L***u,👍👍👍👍👍👍👍👍👍👍,
1,CJJT1006521,1357289526732656640,1667007503432945667,2023-04-28T22:49:09+08:00,1,ES,K***d,No tiene la calidad que esperaba. No siento que baje la temperatura. No pagaría más de 10 € por este producto. Un gran fiasco.,
1,CJJT1006521,1357289526732656640,1667007503432945664,2023-04-28T06:00:49+08:00,1,ES,G***h,No tiene la calidad que esperaba. No siento que baje la temperatura. No pagaría más de 10 € por este producto. Un gran fiasco.,
1,CJJT1006521,1357289526732656640,1667007492334817287,2023-04-25T23:49:22+08:00,5,IL,E***h,Для корги маловат,
1,CJJT1006521,1357289526732656640,1667007503432945666,2023-04-20T23:51:02+08:00,5,KR,D***j,원단이 시원하고 배송이 빨라요.,
1,CJJT1006521,1357289526732656640,1667007492313845762,2023-04-20T09:06:13+08:00,5,KR,E***t,원단이 시원하고 배송이 빨라요.,https://cc-west-usa.oss-us-west-1.aliyuncs.com/comment/additional/0001/image/2023-06-09/51a9a965-af5e-4480-8985-5ab97a3e7345.jpg
1,CJJT1006521,1357289526732656640,1667007492330622977,2023-04-12T18:40:44+08:00,5,UK,G***k,Definitely cool to the touch. Yet to use it in the heat. ,
1,CJJT1006521,1357289526732656640,1667007492330622976,2023-03-30T15:51:43+08:00,5,UK,K***w,Excellent really well made!  Arrived super fast! Highly recommended thank you ,
1,CJJT1006521,1357289526732656640,1667007492334817290,2023-03-17T05:06:33+08:00,5,KR,Z***s,매우 만족 시원,
1,CJJT1006521,1357289526732656640,1667007492334817289,2023-02-16T18:04:40+08:00,5,ID,M***v,good product. must buy,
1,CJJT1006521,1357289526732656640,1667007503432945665,2023-01-03T14:46:33+08:00,5,ID,I***d,very good quality,
2,CJJJCWGY00320,2EC85C14-D684-4845-8917-AB9D4E5CE301,1790638858594422784,2024-05-15T16:33:36+08:00,5,UA,M***k,"дякую за килимок,  дійсно є легкий холодок. якщо прикласти долоню) 
прийшло швидше за встановлений термін.",
2,CJJJCWGY00320,2EC85C14-D684-4845-8917-AB9D4E5CE301,1790638858598617088,2024-05-09T14:59:46+08:00,5,MX,V***r,Está muy bien en tamaño ,
2,CJJJCWGY00320,2EC85C14-D684-4845-8917-AB9D4E5CE301,1790638858602811393,2024-05-05T19:34:45+08:00,5,MX,Z***c,"A mis gatitos les encantaron, la tela de los tapetes está muy fresca y para estos calores les quedan muy bien a las mascotas",
2,CJJJCWGY00320,2EC85C14-D684-4845-8917-AB9D4E5CE301,1790638858602811392,2024-04-26T16:40:50+08:00,5,UA,X***n,Крутий охолоджуючий коврик. Рекомендую ,
2,CJJJCWGY00320,2EC85C14-D684-4845-8917-AB9D4E5CE301,1790638858590228480,2023-12-20T16:47:18+08:00,5,BR,N***h,"chegou, realmente é refrescante. obrigado",https://cc-west-usa.oss-us-west-1.aliyuncs.com/comment/additional/0001/image/2024-05-15/bc35dd01-d84e-4a76-8c23-2752d5323ab1.jpg
3,CJJJCWMY00030,0128A917-A355-4D8D-AA59-4FAA4F0013AD,7720136,2021-06-19T03:34:45+08:00,5,ES,A***r,"The carpet is a great invention, it&#39;s very hygienic. Mine the carrier bent it and ruined it but the seller has reimbursed my money, 100% trust the seller. Fast shipping, a pity that in transport mine was damaged and completely deformed. But the product itself is a great invention.",
3,CJJJCWMY00030,0128A917-A355-4D8D-AA59-4FAA4F0013AD,7720137,2021-06-04T21:41:45+08:00,4,RU,A***a,"Came mint and does not straighten
Very badly packed
In general, good, on the sides on Velcro glued two layers, top in such holes
In the case have not yet tried",https://cc-west-usa.oss-us-west-1.aliyuncs.com/comment/additional/0001/image/2021-08-02/77d45665-96d4-494f-a242-92b8b97c29a1.jpg|https://cc-west-usa.oss-us-west-1.aliyuncs.com/comment/additional/0001/image/2021-08-02/75224da8-d8c9-48f6-8f3a-9d573ea7fa3f.jpg
3,CJJJCWMY00030,0128A917-A355-4D8D-AA59-4FAA4F0013AD,7720138,2021-05-27T19:27:45+08:00,5,LV,M***r,The goods are the same as the description. Seller recommend.,
3,CJJJCWMY00030,0128A917-A355-4D8D-AA59-4FAA4F0013AD,7720139,2021-05-25T21:07:45+08:00,5,ES,L***B,"I bought two mats for 2 sandstones and they&#39;re doing great. Only 20/30% of the Stones come out, the rest stay in the mats. They can be disassembled with the belcro they have on both sides.",https://cc-west-usa.oss-us-west-1.aliyuncs.com/comment/additional/0001/image/2021-08-02/fed100d9-2aab-40ff-a6d7-71deb6cfd483.jpg|https://cc-west-usa.oss-us-west-1.aliyuncs.com/comment/additional/0001/image/2021-08-02/68b8a84d-f492-47f4-b37d-79a5d2a723c5.jpg|https://cc-west-usa.oss-us-west-1.aliyuncs.com/comment/additional/0001/image/2021-08-02/ae9df0a9-cc5b-4593-aa2a-11b2d2eda532.jpg
3,CJJJCWMY00030,0128A917-A355-4D8D-AA59-4FAA4F0013AD,7720140,2021-05-25T03:37:45+08:00,5,ES,E***e,"It came in time, well packed. It&#39;s a very nice color and good material, now to try it out.",
3,CJJJCWMY00030,0128A917-A355-4D8D-AA59-4FAA4F0013AD,7720141,2021-05-24T22:24:45+08:00,5,AZ,S***n,The only mistake was the size .. for us it turned out to be small,
3,CJJJCWMY00030,0128A917-A355-4D8D-AA59-4FAA4F0013AD,7720142,2021-05-20T22:32:45+08:00,3,BE,J***D,pas assez imperm&eacute;able.,
3,CJJJCWMY00030,0128A917-A355-4D8D-AA59-4FAA4F0013AD,7720143,2021-05-20T16:08:45+08:00,5,LV,L***b,thank you.,https://cc-west-usa.oss-us-west-1.aliyuncs.com/comment/additional/0001/image/2021-08-02/faf2179d-31b0-4516-9dd0-ffd387d1843f.jpg|https://cc-west-usa.oss-us-west-1.aliyuncs.com/comment/additional/0001/image/2021-08-02/c64047b9-477c-4df7-a749-4740789a3fa0.jpg
3,CJJJCWMY00030,0128A917-A355-4D8D-AA59-4FAA4F0013AD,7720144,2021-05-18T16:54:45+08:00,5,RU,A***k,"Хороший коврик, надеюсь кошка оценит. поверхность слегка шипованная и сам коврик не такой уж и тонкий! Но в целом надеюсь что очень полезная вещь  ",https://cc-west-usa.oss-us-west-1.aliyuncs.com/comment/additional/0001/image/2021-08-02/ad56bd2c-0a62-4c37-97d0-0349e1377558.jpg|https://cc-west-usa.oss-us-west-1.aliyuncs.com/comment/additional/0001/image/2021-08-02/e8f829b3-a309-4148-8164-4dfce018971b.jpg|https://cc-west-usa.oss-us-west-1.aliyuncs.com/comment/additional/0001/image/2021-08-02/276389d3-7bae-4d83-9ee5-f188c168f046.jpg
3,CJJJCWMY00030,0128A917-A355-4D8D-AA59-4FAA4F0013AD,7720145,2021-05-05T16:04:45+08:00,5,KZ,S***b,"The mat is made of dense material, fastened with Velcro on two sides. Holes are large 3 &times; 5mm. The color is nice. I hope the cat likes it.",https://cc-west-usa.oss-us-west-1.aliyuncs.com/comment/additional/0001/image/2021-08-02/726eb0b7-3a0b-4b0c-bf00-e8b89e0cb9ee.jpg
3,CJJJCWMY00030,0128A917-A355-4D8D-AA59-4FAA4F0013AD,7720146,2021-04-28T15:45:45+08:00,5,RU,0***r,"I am happy with the packing and delivery to the house. The mat was bent and now snugly against the floor. Until I realized whether the purchase is convenient, only in use you can see the impact of the idea",https://cc-west-usa.oss-us-west-1.aliyuncs.com/comment/additional/0001/image/2021-08-02/add6dd13-f58f-4641-bd6e-e9c9f921e6ae.jpg
3,CJJJCWMY00030,0128A917-A355-4D8D-AA59-4FAA4F0013AD,7720147,2021-04-19T02:50:45+08:00,5,RO,K***k,Thank you! Fully corresponds to the description.,
3,CJJJCWMY00030,0128A917-A355-4D8D-AA59-4FAA4F0013AD,7720148,2021-04-11T22:42:45+08:00,5,IT,G***i,Super fast and product functional,
3,CJJJCWMY00030,0128A917-A355-4D8D-AA59-4FAA4F0013AD,7720149,2021-04-10T14:50:45+08:00,5,RU,R***k,Excellent goods,https://cc-west-usa.oss-us-west-1.aliyuncs.com/comment/additional/0001/image/2021-08-02/a21715d1-e841-4734-987c-aa9e28e3cc30.jpg
3,CJJJCWMY00030,0128A917-A355-4D8D-AA59-4FAA4F0013AD,7720150,2021-04-09T20:32:45+08:00,5,IE,A***l,"This is very good, but very expensive for what you get. Very good though!!!",
3,CJJJCWMY00030,0128A917-A355-4D8D-AA59-4FAA4F0013AD,7720151,2021-03-10T23:06:45+08:00,5,RU,S***k,"Добротный коврик, но если у вас большой лоток и при этом он стоит на части ковра, то он (ковёр) не справляется с наполнителем на 100%. Его нужно класть рядом с лотком. Этого я не учитывал перед покупкой.",
3,CJJJCWMY00030,0128A917-A355-4D8D-AA59-4FAA4F0013AD,7720152,2021-02-26T17:20:45+08:00,5,FI,P***i, Excellent quality. Thank you!,
3,CJJJCWMY00030,0128A917-A355-4D8D-AA59-4FAA4F0013AD,7720153,2021-02-24T23:41:45+08:00,5,IT,N***u,"Fast shipment, only 19 days!!
It works! Retains all residue litter",https://cc-west-usa.oss-us-west-1.aliyuncs.com/comment/additional/0001/image/2021-08-02/5012a255-6140-46f5-b33f-0075db8f89f1.jpg|https://cc-west-usa.oss-us-west-1.aliyuncs.com/comment/additional/0001/image/2021-08-02/c5b7b965-afc8-4207-bd84-a991d68855bf.jpg|https://cc-west-usa.oss-us-west-1.aliyuncs.com/comment/additional/0001/image/2021-08-02/e9e333db-17b0-46fd-9e91-dc4049bd83fb.jpg
3,CJJJCWMY00030,0128A917-A355-4D8D-AA59-4FAA4F0013AD,7720154,2021-02-23T00:42:45+08:00,5,IL,N***g,looks nice still havnt use,
3,CJJJCWMY00030,0128A917-A355-4D8D-AA59-4FAA4F0013AD,7720155,2021-02-10T21:52:45+08:00,1,BY,S***a,Some garbage bag came in. Sewn on three sides. How to wash it? Does not correspond to the declared on the seller&#39;s website! Opened a dispute. I do not need such goods!,https://cc-west-usa.oss-us-west-1.aliyuncs.com/comment/additional/0001/image/2021-08-02/fcd086b1-be27-4cee-8d06-c2cd5863f647.jpg|https://cc-west-usa.oss-us-west-1.aliyuncs.com/comment/additional/0001/image/2021-08-02/2f913c2f-2b8c-4e9d-a7a9-3b755d172ff0.jpg|https://cc-west-usa.oss-us-west-1.aliyuncs.com/comment/additional/0001/image/2021-08-02/795d61fa-cdf0-4ed8-bb3c-e1334ee72301.jpg|https://cc-west-usa.oss-us-west-1.aliyuncs.com/comment/additional/0001/image/2021-08-02/8aa53ce2-3dfd-4bb7-8864-16865240a56a.jpg|https://cc-west-usa.oss-us-west-1.aliyuncs.com/comment/additional/0001/image/2021-08-02/3db1566d-73b2-4a8f-aaa9-34ecafd6d221.jpg
4,CJGY2064580,2406200640451621700,2605210144311604500,2026-05-20T14:44:11+08:00,5,FR,J***y,"Artículo perfecto, exactamente como se describe; excelente servicio. ¡Volveré a comprar!",
4,CJGY2064580,2406200640451621700,2605210144101623700,2026-05-13T09:43:38+08:00,5,FR,P***h,"¡Calidad excelente, envío rápido, lo recomiendo mucho! 5 estrellas⭐",
4,CJGY2064580,2406200640451621700,2605210143361618600,2026-05-07T09:43:16+08:00,5,ES,H***k,"Satisfait de tout : livraison rapide, emballage soigné. Un sans-faute !",
4,CJGY2064580,2406200640451621700,2507140608041614402,2025-07-14T23:52:10+08:00,4,FR,K***h,très bien,
4,CJGY2064580,2406200640451621700,2507140607581613101,2025-07-14T23:17:28+08:00,5,FR,Y***g,je suis satisfait.,
4,CJGY2064580,2406200640451621700,2507140608041613701,2025-07-14T12:43:24+08:00,5,ES,X***i,encantada! me gusta mucho! y a mi gato tambien,https://cc-west-usa.oss-us-west-1.aliyuncs.com/comment/additional/0001/image/2025-07-14/d827decf-4161-47dc-8482-0c7d1881aec2.jpg|https://cc-west-usa.oss-us-west-1.aliyuncs.com/comment/additional/0001/image/2025-07-14/87c81a74-a3a3-47cb-920d-66fb6687316f.jpg|https://cc-west-usa.oss-us-west-1.aliyuncs.com/comment/additional/0001/image/2025-07-14/78e5276a-e87e-46fa-b63e-c61750bce976.jpg
4,CJGY2064580,2406200640451621700,2507140608061613601,2025-07-14T11:48:34+08:00,1,UK,J***n,it says xl was xs tiny,
4,CJGY2064580,2406200640451621700,2507140607581613115,2025-07-14T10:52:11+08:00,5,PT,Y***a,"Just like the picture
..............................................................................",https://cc-west-usa.oss-us-west-1.aliyuncs.com/comment/additional/0001/image/2025-07-14/212217f5-25f7-4e73-b9e7-5ec5d72ea23f.jpg
4,CJGY2064580,2406200640451621700,2507140608041614401,2025-07-14T10:03:22+08:00,5,KR,N***j,울강아지 깔아줬더니 시원해서 좋아하네요~,
4,CJGY2064580,2406200640451621700,2507140608041614400,2025-07-14T09:17:39+08:00,5,ES,H***t,"Llegó muy rápido. Todo perfecto, espero que funcione bien",
4,CJGY2064580,2406200640451621700,2507140607581613114,2025-07-14T04:24:05+08:00,5,FR,W***u,je suis content du produit.,
4,CJGY2064580,2406200640451621700,2507140607581613118,2025-07-14T00:42:06+08:00,5,DE,W***s,my dog loves it!,
4,CJGY2064580,2406200640451621700,2507140607581613103,2025-07-13T21:01:11+08:00,5,ES,K***q,Yo la mojo y resfresca bastante lo único malo que hize no mirar las medidas y compré la chica y es muy chica cabe como un zapato de un 37 ,
4,CJGY2064580,2406200640451621700,2507140607581613108,2025-07-13T20:22:59+08:00,5,IT,P***e,tutto bene,
4,CJGY2064580,2406200640451621700,2507140608041613704,2025-07-13T19:02:08+08:00,5,ES,X***u,Cumple su función ,
4,CJGY2064580,2406200640451621700,2507140608041613702,2025-07-13T18:23:46+08:00,5,US,D***r,"I really love it, I would totally recommend it’s amazing 🤩 I really love it, I would totally recommend it’s amazing 🤩 ",
4,CJGY2064580,2406200640451621700,2507140608061613504,2025-07-13T16:23:11+08:00,1,NL,A***u,It is smal as shit and it does not work good,
4,CJGY2064580,2406200640451621700,2507140608061613502,2025-07-13T13:10:40+08:00,2,ES,C***e,pobre. pequeña,
4,CJGY2064580,2406200640451621700,2507140607581613109,2025-07-13T11:29:22+08:00,5,IT,A***j,tutto bene,
4,CJGY2064580,2406200640451621700,2507140608041613705,2025-07-13T09:48:23+08:00,5,ES,G***r,se queda pequeña para mi gata. pero es verdad que está fresquita y se tumba mucho encima.,
4,CJGY2064580,2406200640451621700,2507140608041614407,2025-07-13T09:30:14+08:00,2,FR,J***a,Pas trop frais,
4,CJGY2064580,2406200640451621700,2507140608041613700,2025-07-13T07:46:50+08:00,5,UA,F***j,"Доставка дуже швидка, 2 тижні, дійсно охолодження присутнє",https://cc-west-usa.oss-us-west-1.aliyuncs.com/comment/additional/0001/image/2025-07-14/c8c903dc-3b3f-466b-bfdd-1afe179e152d.jpg|https://cc-west-usa.oss-us-west-1.aliyuncs.com/comment/additional/0001/image/2025-07-14/f4e0f5b5-ad10-4edb-9d3d-8010c2e8132e.jpg
4,CJGY2064580,2406200640451621700,2507140608041613706,2025-07-13T07:21:09+08:00,5,IT,N***j,tappetino  perfetto  per  la  mia  cagnolina  in  tessuto  molto traspirante  e fresco  già fatto un  lavaggio  senza problemi ottima riuscita,https://cc-west-usa.oss-us-west-1.aliyuncs.com/comment/additional/0001/image/2025-07-14/1633527a-cde2-4e57-a2d4-64594ff7d90f.jpg
4,CJGY2064580,2406200640451621700,2507140607581613117,2025-07-13T06:00:15+08:00,5,NL,G***o,Dog doesn’t like it🙈,
4,CJGY2064580,2406200640451621700,2507140608061613602,2025-07-13T04:33:45+08:00,1,ES,H***w,No enfría nada. Es un trozo tela. No lleva gel. Un engaño.,
4,CJGY2064580,2406200640451621700,2507140608041613703,2025-07-13T01:00:54+08:00,5,US,F***v,"Bien, es tela fresquita aunque no es esterilla fria como esperaba. Pero bien. El tamaño correcto. Llegó antes de tiempo",
4,CJGY2064580,2406200640451621700,2507140608041614404,2025-07-13T00:50:53+08:00,3,UK,D***h,Cute but doesn’t cool down much,
4,CJGY2064580,2406200640451621700,2507140608041614405,2025-07-13T00:04:50+08:00,3,ES,Z***i,"Ed cierto que si lo pones frente al aire acondicionado, en un par de segundos se enfría mucho; pero para dejarlo desatendido en el suelo, me da la impresión de que es más fresco el suelo de baldosas sin más.",
4,CJGY2064580,2406200640451621700,2507140607581613102,2025-07-12T23:26:09+08:00,5,BE,Q***u,super,
4,CJGY2064580,2406200640451621700,2507140608061613501,2025-07-12T23:24:34+08:00,2,ES,W***p,"No es una manta refrigerada, es una manta normal. Suave, pero no refrigerada",
4,CJGY2064580,2406200640451621700,2507140607581613106,2025-07-12T20:30:14+08:00,5,BE,V***x,Parfait... à peine lessivés et installés qu'un de mes loulous les adopte déjà !,https://cc-west-usa.oss-us-west-1.aliyuncs.com/comment/additional/0001/image/2025-07-14/2693cf65-c3c0-4e6a-95bd-7532c1bb168f.jpg|https://cc-west-usa.oss-us-west-1.aliyuncs.com/comment/additional/0001/image/2025-07-14/64d75d0c-2754-43ea-b352-3a9a09121945.jpg
4,CJGY2064580,2406200640451621700,2507140608041614406,2025-07-12T20:28:25+08:00,3,FR,P***t,59x51 pas 62x50,
4,CJGY2064580,2406200640451621700,2507140607581613119,2025-07-12T18:08:55+08:00,5,ES,K***p,"Muy buenas y bastante útiles, sobretodo para la época en la que estamos del verano. Mis perros han cogido las mantas con muy buena aceptación.",https://cc-west-usa.oss-us-west-1.aliyuncs.com/comment/additional/0001/image/2025-07-14/9d6b8a75-4da4-4add-acce-6244ad1c0251.jpg
4,CJGY2064580,2406200640451621700,2507140608041614300,2025-07-12T15:53:47+08:00,5,BE,E***v,Pas encore utilisé . ..à suivre,
4,CJGY2064580,2406200640451621700,2507140607581613107,2025-07-12T12:52:35+08:00,5,FR,T***t,"joli tapis, identique en taille et couleur à la photo du site..",
4,CJGY2064580,2406200640451621700,2507140608041614403,2025-07-12T12:29:50+08:00,4,UA,D***m,Моя кошка любит этот коврик даже в прохладное время ,https://cc-west-usa.oss-us-west-1.aliyuncs.com/comment/additional/0001/image/2025-07-14/1deb1d0a-82a4-417a-97b2-4a9e83d7d401.jpg
4,CJGY2064580,2406200640451621700,2507140608041614408,2025-07-12T10:18:49+08:00,2,ES,A***t,a mi perro no le gusta es una manta normal no refrescante,
4,CJGY2064580,2406200640451621700,2507140607581613110,2025-07-12T10:17:11+08:00,5,ES,Q***h,"Está bien,  a mí gato e gusta.",
4,CJGY2064580,2406200640451621700,2507140607581613104,2025-07-12T09:42:15+08:00,5,KR,T***t,멍멍이들좋아해요,
4,CJGY2064580,2406200640451621700,2507140608061613500,2025-07-12T09:07:35+08:00,2,UA,R***h,"Чесно поки незрозуміло як то пес має охолоджуватись, не оцінив((( А москалі нехай згорять у пеклі!!!",https://cc-west-usa.oss-us-west-1.aliyuncs.com/comment/additional/0001/image/2025-07-14/d9f0bbac-23cb-473b-9016-6d1ba1e781c8.jpg
4,CJGY2064580,2406200640451621700,2507140607581613116,2025-07-12T06:57:51+08:00,5,ES,Q***o,"Igual tanto como en la foto como en la descripción. Si lo tocas, notas que está fresquito.",
4,CJGY2064580,2406200640451621700,2507140608041614001,2025-07-12T00:19:16+08:00,5,ES,J***m,es genial,
4,CJGY2064580,2406200640451621700,2507140608061613600,2025-07-11T22:55:54+08:00,1,IT,B***g,"Normalissimo tappeto di stoffa, non ha nulla di refrigerante ",
4,CJGY2064580,2406200640451621700,2507140608061613800,2025-07-11T20:57:50+08:00,5,UK,W***i,Great item,
4,CJGY2064580,2406200640451621700,2507140607581613112,2025-07-11T18:03:32+08:00,5,PT,S***t,Bom,
4,CJGY2064580,2406200640451621700,2507140607581613111,2025-07-11T14:44:48+08:00,5,FR,J***w,Super ma petite chienne l’adore ,
4,CJGY2064580,2406200640451621700,2507140608061613503,2025-07-11T10:11:56+08:00,1,ES,L***i,no refresca casi nada,
4,CJGY2064580,2406200640451621700,2507140608041613900,2025-07-11T09:57:53+08:00,5,ES,H***z,"buena manta
",
4,CJGY2064580,2406200640451621700,2507140608061613605,2025-07-11T09:39:05+08:00,5,MX,N***b,"consideré sería mas grande pero resultó ser error de selección,  aún así es más recomendable para razas pequeñas tipo chihuahua",https://cc-west-usa.oss-us-west-1.aliyuncs.com/comment/additional/0001/image/2025-07-14/f999775d-1a5f-47df-bbb7-2b458a43bf6c.jpg
4,CJGY2064580,2406200640451621700,2507140607581613100,2025-07-11T09:00:02+08:00,5,UA,J***b,"Все супер, только не молу понять, как его можно охладить? В холодильник ставить? Или мочить в холодной воде?",
4,CJGY2064580,2406200640451621700,2507140607581613105,2025-07-11T07:50:42+08:00,5,ES,R***q,perfecto gracias,
4,CJGY2064580,2406200640451621700,2507140610381616901,2025-07-11T07:20:55+08:00,1,ES,I***j,mis gatos no le hicieron ni caso,
4,CJGY2064580,2406200640451621700,2507140608041614000,2025-07-11T05:56:41+08:00,5,BE,K***i,بارده ومريحه المقاس صغير لهدا انصح بمقاس نقاس اكبر,https://cc-west-usa.oss-us-west-1.aliyuncs.com/comment/additional/0001/image/2025-07-14/ab017699-1a14-4124-8fd5-5436436cc498.jpg|https://cc-west-usa.oss-us-west-1.aliyuncs.com/comment/additional/0001/image/2025-07-14/2529f41f-a350-45d9-bf7f-b940fd2d43e3.jpg|https://cc-west-usa.oss-us-west-1.aliyuncs.com/comment/additional/0001/image/2025-07-14/bb7a8629-6239-422a-a0e8-771734b9c689.jpg|https://cc-west-usa.oss-us-west-1.aliyuncs.com/comment/additional/0001/image/2025-07-14/551f2305-9ebf-4aed-bc91-fbb2c9ea0723.jpg|https://cc-west-usa.oss-us-west-1.aliyuncs.com/comment/additional/0001/image/2025-07-14/98e754c2-9c01-40ee-9369-6ee39770f35a.jpg
4,CJGY2064580,2406200640451621700,2507140608111613113,2025-07-11T04:43:41+08:00,5,UK,E***n,Good quality good price great little cooling mats for the dog and they work,
4,CJGY2064580,2406200640451621700,2507140610071616604,2025-07-11T03:57:51+08:00,3,DE,J***j,"Tatsächlich ist xs doch sehr klein kommt einem aufgefalteten Taschentuch nahe. Vielleicht hätte ich vorher besser lesen müssen. Werde sie nochmal in größer bestellen, denn kühlen tut sie definitiv. ",
4,CJGY2064580,2406200640451621700,2507140608091615700,2025-07-11T00:38:01+08:00,5,KR,U***i,"시원하고 좋아요 시원하고 좋아요 시원하고 좋아요 시원하고 좋아요 시원하고 좋아요 시원하고 좋아요 
시원하고 좋아요 시원하고 좋아요 시원하고 좋아요 시원하고 좋아요 시원하고 좋아요 시원하고 좋아요 시원하고 좋아요 시원하고 좋아요 시원하고 좋아요 
시원하고 좋아요 시원하고 좋아요 시원하고 좋아요",
4,CJGY2064580,2406200640451621700,2507140607581613113,2025-07-11T00:23:56+08:00,5,UA,W***a,"Все супер, холодить за рахунок тканини. Котик задоволений",
4,CJGY2064580,2406200640451621700,2507140608061613606,2025-07-10T23:07:08+08:00,5,HU,E***q,Maravilloso me encantó ,
4,CJGY2064580,2406200640451621700,2507140609541613205,2025-07-10T20:20:16+08:00,4,DE,C***i,"So wie beschrieben 
und sehr schnelle Lieferung",
4,CJGY2064580,2406200640451621700,2507140608061613612,2025-07-10T19:28:44+08:00,5,ES,J***m,Producto tal y como describe el vendedor,https://cc-west-usa.oss-us-west-1.aliyuncs.com/comment/additional/0001/image/2025-07-14/1f22a421-178f-4301-849c-dbfb57ad685c.jpg
4,CJGY2064580,2406200640451621700,2507140608091615002,2025-07-10T16:05:44+08:00,5,ES,C***k,super,https://cc-west-usa.oss-us-west-1.aliyuncs.com/comment/additional/0001/image/2025-07-14/c227657b-4f1f-46f6-a95a-ea3a41081a7e.jpg
4,CJGY2064580,2406200640451621700,2507140610341613800,2025-07-10T15:00:05+08:00,2,ES,I***z,"Está bien como mantita, pero refrescar... no refresca nada. una esterilla sin más",
4,CJGY2064580,2406200640451621700,2507140608111613111,2025-07-10T14:42:22+08:00,5,FR,B***m,À l’air top !,
4,CJGY2064580,2406200640451621700,2507140608091615006,2025-07-10T14:30:09+08:00,5,FR,E***h,"Étonnamment ce n'est que du tissu. Pas de gel à l'intérieur, pas non plus nécessaire de le mettre au frigo ou congélateur avant. Et c'est effectivement frais en surface. Mon chien (77 kg poils très épais) s'est directement mis dessus et a pu dormir sans haleter.
bref excellent produit !",
4,CJGY2064580,2406200640451621700,2507140608111613110,2025-07-10T12:30:26+08:00,5,ES,W***k,"Sieht gut aus, und ist ganz leicht.Mal sehen wie die Hunde sie annehmen. Aber gutes Produkt ",https://cc-west-usa.oss-us-west-1.aliyuncs.com/comment/additional/0001/image/2025-07-14/b9cff116-2478-44c4-82a0-910981687433.jpg
4,CJGY2064580,2406200640451621700,2507140609541613207,2025-07-10T10:32:42+08:00,4,UA,D***t,Нормальний. ,
4,CJGY2064580,2406200640451621700,2507140610381616902,2025-07-10T10:09:21+08:00,1,KR,U***z,그냥 방석.,
4,CJGY2064580,2406200640451621700,2507140608111613200,2025-07-10T09:41:52+08:00,5,UA,K***d,555,
4,CJGY2064580,2406200640451621700,2507140610071616602,2025-07-10T07:45:57+08:00,3,ES,S***d,Una simple “manta”,
4,CJGY2064580,2406200640451621700,2507140610381616905,2025-07-10T07:04:29+08:00,1,DE,N***i,"Keine Kühldecke, Minderwertige Qualität",
4,CJGY2064580,2406200640451621700,2507140608061613604,2025-07-10T07:02:57+08:00,5,BE,U***g,Je suis tres contente de mon ma couverture rafraîchissante pour mon petit chien  il va bien profiter par ces chaleurs ,
4,CJGY2064580,2406200640451621700,2507140610071616600,2025-07-10T04:42:08+08:00,3,BR,A***g,Muito pequeno. Mal cabe um pincher.,
4,CJGY2064580,2406200640451621700,2507140608111613114,2025-07-10T04:15:49+08:00,5,US,W***g,גדול וטוב,https://cc-west-usa.oss-us-west-1.aliyuncs.com/comment/additional/0001/image/2025-07-14/fc5c1253-eab6-4821-a52b-87147333a0da.jpg
4,CJGY2064580,2406200640451621700,2507140610071616601,2025-07-10T03:58:23+08:00,3,ES,F***m,"Está bien como mantita, pero refrescar... no refresca nada. una esterilla sin más",
4,CJGY2064580,2406200640451621700,2507140608091615005,2025-07-10T00:26:35+08:00,5,UA,E***j,Заказал 40/30 специально для сумки переноски. Действительно имеет охлаждающий эффект. Будем пользоваться.,https://cc-west-usa.oss-us-west-1.aliyuncs.com/comment/additional/0001/image/2025-07-14/5f487ac3-5b9a-4317-865e-8088dd20d503.jpg
4,CJGY2064580,2406200640451621700,2507140610341613802,2025-07-09T19:52:30+08:00,2,ES,C***c,me esperaba otra cosa,
4,CJGY2064580,2406200640451621700,2507140610071616603,2025-07-09T18:59:52+08:00,3,ES,F***n,"Me esperaba que llevará un gel por dentro que absorbe el calor y no lo lleva, o por lo menos yo no lo noto. No quita el calor como otras que tengo pero tampoco da calor como una manta. A mi perro le gusta",
4,CJGY2064580,2406200640451621700,2507140608061613613,2025-07-09T17:22:02+08:00,5,FR,W***f,très bien tissus très frais je recommande,
4,CJGY2064580,2406200640451621700,2507140608111613104,2025-07-09T16:54:18+08:00,5,IT,I***t,ottimo tappetino rinfrescante per il mio gattino,
4,CJGY2064580,2406200640451621700,2507140608111613106,2025-07-09T16:38:42+08:00,5,LT,V***m,"atrodo nebloigai, bet kiek ten šunui vėsiau 🤷",
4,CJGY2064580,2406200640451621700,2507140608111613103,2025-07-09T14:05:53+08:00,5,FR,X***j,Très bien,
4,CJGY2064580,2406200640451621700,2507140608111613101,2025-07-09T13:54:24+08:00,5,ES,J***g,todo Ok,
4,CJGY2064580,2406200640451621700,2507140610381616903,2025-07-09T13:31:51+08:00,1,ES,J***x,Doesn’t cool at all,
4,CJGY2064580,2406200640451621700,2507140608091615013,2025-07-09T12:28:15+08:00,5,US,T***i,Love it.,
4,CJGY2064580,2406200640451621700,2507140608091615009,2025-07-09T11:38:10+08:00,5,UA,C***u,"Килимок прикольний, через матеріал тканини є відчуття холодку, собака із задоволенням лежить, є значний мінус те що він слизький, немає гумових цяток щоб не ковзав",
4,CJGY2064580,2406200640451621700,2507140608111613107,2025-07-09T10:08:59+08:00,5,US,I***n,Love it.,
4,CJGY2064580,2406200640451621700,2507140609541613206,2025-07-09T10:02:36+08:00,4,KR,I***a,"그닥 안 시원합니다.. 있으나 마나ㅠ 그나마 싸게 사서 다행이에요 
그리고 크기도 좀 다르네요 60이 아니라 사이즈 보니 58임 뭐임",
4,CJGY2064580,2406200640451621700,2507140608061613609,2025-07-09T09:30:21+08:00,5,ES,H***e,todo correcto,
4,CJGY2064580,2406200640451621700,2507140610381616904,2025-07-09T08:36:22+08:00,1,ES,J***u,como puedo devolverlo ez pequeño,
4,CJGY2064580,2406200640451621700,2507140609541613203,2025-07-09T08:04:15+08:00,4,FR,U***e,Le chat aime bien,
4,CJGY2064580,2406200640451621700,2507140608111613108,2025-07-09T07:55:34+08:00,5,PT,O***o,Soft fabric and cool to the touch! Would recommend 👍,
4,CJGY2064580,2406200640451621700,2507140608111613109,2025-07-09T07:12:01+08:00,5,AU,Z***k,생각보다 시원해요 우리집 개가 한시간만에 물어뜯어놔서 못쓰게 되었지만...ㅜㅜ,
4,CJGY2064580,2406200640451621700,2507140608111613102,2025-07-09T05:37:46+08:00,5,DE,X***e,super,
4,CJGY2064580,2406200640451621700,2507140608061613603,2025-07-09T05:04:49+08:00,5,DE,V***f,super,
4,CJGY2064580,2406200640451621700,2507140608091615016,2025-07-09T03:55:31+08:00,5,LT,O***z,"atrodo nebloigai, bet kiek ten šunui vėsiau 🤷",
4,CJGY2064580,2406200640451621700,2507140608111613100,2025-07-09T03:07:53+08:00,5,LT,S***c,"atrodo nebloigai, bet kiek ten šunui vėsiau 🤷",
4,CJGY2064580,2406200640451621700,2507140608061613610,2025-07-09T02:38:30+08:00,5,ES,W***b,"De momento se asemeja bastante al producto que pedí,ahora falta probarlo y ver si cumple con lo que promete o es otro producto chino de tantos que sirve de poco o dura menos que un estornudo",
4,CJGY2064580,2406200640451621700,2507140608091615001,2025-07-09T01:59:41+08:00,5,UA,H***q,Чудово ,
4,CJGY2064580,2406200640451621700,2507140608091615004,2025-07-09T00:39:23+08:00,5,UA,U***v,"Якість хороша, але кицька не оцінила або ще не розібралася з концептом 😊",
4,CJGY2064580,2406200640451621700,2507140610001619300,2025-07-08T22:58:00+08:00,3,ES,S***v,No está frío ,
4,CJGY2064580,2406200640451621700,2507140609541613204,2025-07-08T22:56:56+08:00,4,ES,I***d,la perra no lo quiere pero tiene buena pinta,
4,CJGY2064580,2406200640451621700,2507140608151617401,2025-07-08T22:46:07+08:00,5,IT,F***y,Tutto perfetto come da descrizione!! Venditore consigliato +++,
4,CJGY2064580,2406200640451621700,2507140608111613203,2025-07-08T19:41:18+08:00,5,FR,T***m,vraiment frais !,
4,CJGY2064580,2406200640451621700,2507140608111613112,2025-07-08T17:51:52+08:00,5,ES,W***y,refrescante,
4,CJGY2064580,2406200640451621700,2507140608061613607,2025-07-08T17:13:42+08:00,5,ES,S***v,"es tal. ual se describe, el tejido es fresquito",
4,CJGY2064580,2406200640451621700,2507140608091615012,2025-07-08T15:24:04+08:00,5,ES,N***u,"Llevo 2 semanas poniéndoselo a mi perra y siempre se acaba tumbando hay , osea que funciona . Cuando la tocas se nota fresquita ",
4,CJGY2064580,2406200640451621700,2507140608091615017,2025-07-08T13:52:35+08:00,5,UA,J***e,"коврики гарні, на дотик прохолодні, але кішечки вибрали охолоджуватись окремо від них🤣",https://cc-west-usa.oss-us-west-1.aliyuncs.com/comment/additional/0001/image/2025-07-14/25e4edec-8adb-4259-8656-27b276310efc.jpg|https://cc-west-usa.oss-us-west-1.aliyuncs.com/comment/additional/0001/image/2025-07-14/fd0293b9-9772-45e7-aa0f-aee6d3a98e4a.jpg
4,CJGY2064580,2406200640451621700,2507140610381616900,2025-07-08T13:41:28+08:00,1,UA,J***c,Это не охлаждающий коврик. Просто тряпка,
4,CJGY2064580,2406200640451621700,2507140608091614900,2025-07-08T11:57:17+08:00,5,ES,E***m,ok,
4,CJGY2064580,2406200640451621700,2507140608111613115,2025-07-08T11:33:49+08:00,5,FR,Y***s,parfakt.,
4,CJGY2064580,2406200640451621700,2507140608091615015,2025-07-08T10:27:34+08:00,5,IT,U***z,"Ottimo prodotto, grandi caratteristiche, spedizione precisa con traking giusto, tempi rapidi molto veloce e affidabilità, ottima qualità, ",
4,CJGY2064580,2406200640451621700,2507140610341613801,2025-07-08T10:26:15+08:00,2,NL,Q***b,"Het werkt totaal biet. Het voelt koel aan als je het aanraakt, maar neemt direct de warmte over en broeit",
4,CJGY2064580,2406200640451621700,2507140608111613202,2025-07-08T05:11:37+08:00,5,UA,W***c,"Заказала 50*40  для взрослого кота. Размер подошёл. Кошки не особо на нем лежат +  он скользит. Ткань прохладная, но не охлаждающая.",
4,CJGY2064580,2406200640451621700,2507140610341613803,2025-07-08T05:02:46+08:00,2,ES,S***t,"Es muy fino y no enfría prácticamente, probablemente lo devuelva. ",https://cc-west-usa.oss-us-west-1.aliyuncs.com/comment/additional/0001/image/2025-07-14/aab7da12-5086-4474-b057-e19ba12fc315.jpg
4,CJGY2064580,2406200640451621700,2507140608151617402,2025-07-08T02:18:24+08:00,5,FX,K***f,super bien,
4,CJGY2064580,2406200640451621700,2507140608091615003,2025-07-08T01:47:21+08:00,5,FR,O***k,"reçu très rapidement !!!
au toucher c'est frais, à voir maintenant si mon chat va se coucher dessus.",https://cc-west-usa.oss-us-west-1.aliyuncs.com/comment/additional/0001/image/2025-07-14/7f193d29-4ed2-4af3-9196-d3854dacfe9b.jpg|https://cc-west-usa.oss-us-west-1.aliyuncs.com/comment/additional/0001/image/2025-07-14/dd855c1e-93e7-48f4-8ae4-ca5c653732b6.jpg
4,CJGY2064580,2406200640451621700,2507140609541613202,2025-07-08T00:06:12+08:00,4,ES,M***e,Se siente fresca y mi perro que no le suelen gustar las camas en verano está si así que entiendo que le va bien,
4,CJGY2064580,2406200640451621700,2507140608091615000,2025-07-07T21:41:33+08:00,5,HR,T***f,😃👍👏,
4,CJGY2064580,2406200640451621700,2507140610071616617,2025-07-07T19:21:31+08:00,3,DE,G***z,Item works really well but size did not match.,
4,CJGY2064580,2406200640451621700,2507140608441613010,2025-07-07T18:43:02+08:00,5,ES,C***j,BUENA CALIDAD Y COMODA PARA EL PERRO,
4,CJGY2064580,2406200640451621700,2507140608111613201,2025-07-07T18:06:00+08:00,5,FR,V***j,"Vérifier la taille avant de commander 
sinon bon produit",
4,CJGY2064580,2406200640451621700,2507140609541613201,2025-07-07T17:12:46+08:00,4,UA,V***p,Коту больше нравится перфорированная часть коврика. Охлаждение кратковременное,
4,CJGY2064580,2406200640451621700,2507140610001619301,2025-07-07T16:40:22+08:00,3,PT,I***d,Um pouco pequeno do que o previsto,
4,CJGY2064580,2406200640451621700,2507140608091615014,2025-07-07T15:17:55+08:00,5,IT,M***r,"uguale alla foto, molto bello è tessuto morbido",
4,CJGY2064580,2406200640451621700,2507140608091615011,2025-07-07T13:20:20+08:00,5,ES,R***b,Se nota fresquita muy contento gracias a mi perro que pesa 22kg le queda como una cama doble,
4,CJGY2064580,2406200640451621700,2507140610381616917,2025-07-07T13:17:45+08:00,1,UA,E***m,Doesn’t work ,
4,CJGY2064580,2406200640451621700,2507140608091615010,2025-07-07T12:36:52+08:00,5,UK,H***s,"When I first saw the mat i thought it wasn’t going to keep my doggo cool, but apparently it does, as he keeps lying on it in the hot days. It’s also easy to clean. ",
4,CJGY2064580,2406200640451621700,2507140610071616610,2025-07-07T12:23:43+08:00,3,IL,P***x,"בסדר, קצת קטן יותר ממה שחשבתי",https://cc-west-usa.oss-us-west-1.aliyuncs.com/comment/additional/0001/image/2025-07-14/b945a353-d995-4914-8ef7-db6f94fcc648.jpg|https://cc-west-usa.oss-us-west-1.aliyuncs.com/comment/additional/0001/image/2025-07-14/f9142604-8204-44af-8ee4-c5b1bddbb10a.jpg
4,CJGY2064580,2406200640451621700,2507140608061613611,2025-07-07T10:35:38+08:00,5,FR,T***p,Le tapis est frais au toucher et a l'air agréable,
4,CJGY2064580,2406200640451621700,2507140608091615008,2025-07-07T10:33:01+08:00,5,NL,B***i,Formidable ,https://cc-west-usa.oss-us-west-1.aliyuncs.com/comment/additional/0001/image/2025-07-14/d3c91c89-de7a-4452-94d7-2fcc0cebefde.jpg
4,CJGY2064580,2406200640451621700,2507140610071616608,2025-07-07T10:24:00+08:00,3,IL,L***d,"החתולה אוהבת, זה באמת קצת קריר. אבל זה לא בדיוק באותו הגודל המצויין. ",https://cc-west-usa.oss-us-west-1.aliyuncs.com/comment/additional/0001/image/2025-07-14/091292cb-0901-49b7-ba91-f3c997e4fe48.jpg|https://cc-west-usa.oss-us-west-1.aliyuncs.com/comment/additional/0001/image/2025-07-14/40329507-fbc5-47d4-9d2e-f352d7f477de.jpg|https://cc-west-usa.oss-us-west-1.aliyuncs.com/comment/additional/0001/image/2025-07-14/0f71205f-57de-405e-987e-01535023261d.jpg|https://cc-west-usa.oss-us-west-1.aliyuncs.com/comment/additional/0001/image/2025-07-14/a3b97614-c7a2-46c0-840b-0286b0c319db.jpg
4,CJGY2064580,2406200640451621700,2507140610381616906,2025-07-07T08:12:14+08:00,1,CH,S***o,reste froid 20 minutes ,
4,CJGY2064580,2406200640451621700,2507140608061613608,2025-07-07T07:21:18+08:00,5,BR,C***o,Bom,
4,CJGY2064580,2406200640451621700,2507140608091615007,2025-07-07T05:48:18+08:00,5,IT,H***i,Tappetino molto fresco e piace molto ai gatti,
4,CJGY2064580,2406200640451621700,2507140608111613105,2025-07-07T02:10:36+08:00,5,UA,O***b,"Nice map, dogs love it",
4,CJGY2064580,2406200640451621700,2507140608151617400,2025-07-07T02:04:54+08:00,5,ES,L***x,"muy buena, deja al gato con mucha frescura, literalmente no se sale de la mantita, espectacular",
4,CJGY2064580,2406200640451621700,2507140610351617606,2025-07-06T22:55:20+08:00,2,DE,L***p,It is absolutely not cold. Before this mat I ordered small one from another seller and it was really cold when you touching it. But this mat without any cooling effect.,
4,CJGY2064580,2406200640451621700,2507140609541613214,2025-07-06T21:46:31+08:00,4,KR,I***e,패드 자체가 조금 얇고 엄청 시원하진않아요,
4,CJGY2064580,2406200640451621700,2507140608311612006,2025-07-06T15:48:31+08:00,5,UA,D***x,"Щасливі діти - щасливі батьки, киця і пес в захваті)",https://cc-west-usa.oss-us-west-1.aliyuncs.com/comment/additional/0001/image/2025-07-14/7dda55a9-cc5f-4ae6-a7e8-9345bdd7f0f7.jpg
4,CJGY2064580,2406200640451621700,2507140608401619400,2025-07-06T12:49:45+08:00,5,KR,H***u,개 사줬는데 애가 탐냄 애가 자꾸 누웟 있음 애꺼도 사줘야하나 고민됨,
4,CJGY2064580,2406200640451621700,2507140609541613208,2025-07-06T03:08:32+08:00,4,ES,S***l,todo correcto,
4,CJGY2064580,2406200640451621700,2507140608351614501,2025-07-06T01:57:09+08:00,5,IT,C***e,ottimo prodotto,
4,CJGY2064580,2406200640451621700,2507140608311612000,2025-07-05T15:58:40+08:00,5,ES,F***l,Al tacto se nota fresca y a mi perro parece que le gusta,https://cc-west-usa.oss-us-west-1.aliyuncs.com/comment/additional/0001/image/2025-07-14/0af83c83-bef2-4b8c-90e6-4edc5395605a.jpg
4,CJGY2064580,2406200640451621700,2507140608441613005,2025-07-05T14:22:20+08:00,5,FR,O***y,"Tapis qui est frais au touche mais c’est tout …. La qualité est pas mal mais loin d’être super , je ne peux pas me peononcer sur l’utilisation mais mon chien préfère rester sur le carrelage plutôt que sur le tapis ",
4,CJGY2064580,2406200640451621700,2507140608201615210,2025-07-05T14:07:44+08:00,5,IT,L***p,prodotto ottimo,
4,CJGY2064580,2406200640451621700,2507140608441613008,2025-07-05T13:18:11+08:00,5,NL,R***d,My cat loves the cooking mat,https://cc-west-usa.oss-us-west-1.aliyuncs.com/comment/additional/0001/image/2025-07-14/3b83e557-fe1e-458b-a1b8-ac459ed9282a.jpg
4,CJGY2064580,2406200640451621700,2507140608311612014,2025-07-05T11:19:13+08:00,5,ES,C***h,meow meow meow meow meow meow meow meow meow meow meow meow meow meow meow meow meow meow meow meow meow,
4,CJGY2064580,2406200640451621700,2507140608531619901,2025-07-05T08:18:43+08:00,5,NL,S***y,Good material ,
4,CJGY2064580,2406200640451621700,2507140608311612015,2025-07-05T08:16:01+08:00,5,KR,Y***k,좋아하는 거 같아요,
4,CJGY2064580,2406200640451621700,2507140609571614802,2025-07-05T06:13:34+08:00,4,KR,M***j,작지만 좋아요,
4,CJGY2064580,2406200640451621700,2507140608251611301,2025-07-05T03:30:12+08:00,5,PL,N***e,"Przesylka dotarła bardzo szybko. Towar zgodny z  opisem. O dziwo jest efekt chłodzenia. 
Piesek zadowolony. 
Polecam sprzedawcę.",
4,CJGY2064580,2406200640451621700,2507140609571614703,2025-07-05T01:48:02+08:00,4,FR,M***n,esta bien!,
4,CJGY2064580,2406200640451621700,2507140608201615216,2025-07-04T23:43:15+08:00,5,MX,J***h,"Me encantó es un artículo de muy buena calidad, además que su tamaño es tal cual la fotografía, me fascinó porque combina a mi perro le encantó además que es muy lindo y muy buena para la temporada de calor.",https://cc-west-usa.oss-us-west-1.aliyuncs.com/comment/additional/0001/image/2025-07-14/ec8bf608-0727-4e6e-a19d-3d31184041e2.jpg
4,CJGY2064580,2406200640451621700,2507140610411611913,2025-07-04T23:22:58+08:00,1,ES,I***g,"No sirve para nada, una estafa
Compré esta manta para perros porque decía que enfriaba al contacto gracias al gel, pero no tiene ningún efecto. Ni siquiera parece que tenga gel dentro, es más bien como una manta normal para el invierno. La metí en la nevera para ver si así funcionaba y tampoco. No la recomiendo en absoluto, es tirar el dinero.",
4,CJGY2064580,2406200640451621700,2507140610411611905,2025-07-04T22:43:33+08:00,1,FR,X***d,Nul ,
4,CJGY2064580,2406200640451621700,2507140610341613806,2025-07-04T22:26:56+08:00,2,NL,O***p,Miskoop. Werkt absoluut niet. Is zelfs eerder warm dan koel,
4,CJGY2064580,2406200640451621700,2507140608351614504,2025-07-04T20:58:02+08:00,5,DE,O***q,Alles super.,
4,CJGY2064580,2406200640451621700,2507140608441613019,2025-07-04T17:46:03+08:00,5,KR,S***j,우리집 멍뭉이가 엄청 좋아하네용,https://cc-west-usa.oss-us-west-1.aliyuncs.com/comment/additional/0001/image/2025-07-14/fa2cdba1-a919-48cd-ac61-0711dabdecd0.jpg
4,CJGY2064580,2406200640451621700,2507140608151617416,2025-07-04T17:30:33+08:00,5,CH,M***p,Unsere Hündin liebt die Kühldecke! Selbst an heißen Tagen bleibt sie angenehm kühl und entspannt darauf,
4,CJGY2064580,2406200640451621700,2507140608401619800,2025-07-04T17:26:36+08:00,5,ES,F***r,parece q le gusta du nueva mantita,https://cc-west-usa.oss-us-west-1.aliyuncs.com/comment/additional/0001/image/2025-07-14/a56bec1a-37a7-44df-bc42-1b64f4ebd23e.jpg
4,CJGY2064580,2406200640451621700,2507140609541613215,2025-07-04T15:00:56+08:00,4,ES,M***c,Se ve de buena calidad ,
4,CJGY2064580,2406200640451621700,2507140609571614900,2025-07-04T12:34:03+08:00,4,FR,Y***f,Bonne qualité.de tissus. Après je ne sais pas si ça rafraîchit. ,
4,CJGY2064580,2406200640451621700,2507140610351617601,2025-07-04T11:49:12+08:00,2,FR,B***v,Petit et glissant et peu rafraichissant,
4,CJGY2064580,2406200640451621700,2507140608311612008,2025-07-04T08:27:01+08:00,5,ES,I***g,es de buen tamaño y fresquita a mis perros les encanta.,
4,CJGY2064580,2406200640451621700,2507140608401619701,2025-07-04T07:15:13+08:00,5,FR,G***h,Ça va refroidissant,
4,CJGY2064580,2406200640451621700,2507140610411611914,2025-07-04T06:13:16+08:00,1,UA,A***s,Пеленка набагато менша ніж вказано в описі,
4,CJGY2064580,2406200640451621700,2507140610421619300,2025-07-04T05:47:30+08:00,1,IT,C***n,.,
4,CJGY2064580,2406200640451621700,2507140610381616913,2025-07-04T04:59:11+08:00,1,FR,A***w,n a pas vraiment d effet rafraîchissant....,
4,CJGY2064580,2406200640451621700,2507140610101617203,2025-07-04T00:07:43+08:00,3,ES,C***n,"es igual que en la foto pero pensaba que metiéndola en la nevera cogería frío para los animales, pero no sé enfría nada. si lo sé no la hubiera comprado",
4,CJGY2064580,2406200640451621700,2507140608411610003,2025-07-03T23:20:50+08:00,5,PL,W***s,"Jest zimna w dotyku i łatwo wyczyścić, dobre na cieplejszą porę roku, pierwszy raz coś takiego kupiłam.",https://cc-west-usa.oss-us-west-1.aliyuncs.com/comment/additional/0001/image/2025-07-14/85b6cff0-177c-411d-ad9b-83ecc3462972.jpg
4,CJGY2064580,2406200640451621700,2507140608401619704,2025-07-03T22:24:51+08:00,5,IT,H***h,spero che il gatto ci vada,https://cc-west-usa.oss-us-west-1.aliyuncs.com/comment/additional/0001/image/2025-07-14/481a17e6-1088-4d3b-a837-08ddf37d5b18.jpg
4,CJGY2064580,2406200640451621700,2507140610341613815,2025-07-03T22:12:50+08:00,2,UA,Q***d,коврик не соответствует розмеру,https://cc-west-usa.oss-us-west-1.aliyuncs.com/comment/additional/0001/image/2025-07-14/47215745-de63-4de3-87ff-efbca1a1fb28.jpg|https://cc-west-usa.oss-us-west-1.aliyuncs.com/comment/additional/0001/image/2025-07-14/1d6f33ac-7bbc-42ac-927e-25b325374c1e.jpg
4,CJGY2064580,2406200640451621700,2507140610071616619,2025-07-03T18:32:11+08:00,3,PT,T***i,Muito mais pequeno ,
4,CJGY2064580,2406200640451621700,2507140608491613103,2025-07-03T18:14:10+08:00,5,UA,X***m,"все как в описании.
ещё не пробовали.",
4,CJGY2064580,2406200640451621700,2507140608491613116,2025-07-03T14:25:10+08:00,5,UA,X***r,"Отличный коврик для собачки, прохладный ",
4,CJGY2064580,2406200640451621700,2507140610341613805,2025-07-03T13:59:26+08:00,2,US,G***n,Not cooling at all,
4,CJGY2064580,2406200640451621700,2507140610341613808,2025-07-03T09:33:31+08:00,2,ES,S***e,muy pequeño,
4,CJGY2064580,2406200640451621700,2507140610351617604,2025-07-03T08:48:06+08:00,2,BE,F***g,Хватает на 5 минут холода,
4,CJGY2064580,2406200640451621700,2507140609541613216,2025-07-03T05:59:19+08:00,4,ES,T***i,"Es más delgado de lo que esperaba, es muy fresquito.",https://cc-west-usa.oss-us-west-1.aliyuncs.com/comment/additional/0001/image/2025-07-14/f9c42e24-bba2-4aa3-b393-eae98aaba30f.jpg|https://cc-west-usa.oss-us-west-1.aliyuncs.com/comment/additional/0001/image/2025-07-14/23e37d15-cff9-4718-9452-bd3bfc39a40e.jpg
4,CJGY2064580,2406200640451621700,2507140608251611302,2025-07-03T04:46:00+08:00,5,FR,Q***v,comme décrit. reste frais. adopté par les chiens,
4,CJGY2064580,2406200640451621700,2507140608531619902,2025-07-03T02:48:21+08:00,5,FR,E***g,comme décrit. reste frais. adopté par les chiens,
4,CJGY2064580,2406200640451621700,2507140609541613212,2025-07-03T01:02:47+08:00,4,BE,G***k,Ok mais pas super rafraîchissant ,
4,CJGY2064580,2406200640451621700,2507140608441613006,2025-07-03T00:40:52+08:00,5,NO,M***a,"Really good product, it even felt cool when I took it out offers packaging. But the cat is still ignoring it 🤪",https://cc-west-usa.oss-us-west-1.aliyuncs.com/comment/additional/0001/image/2025-07-14/f41aff0a-8490-4fc0-99ef-cc2982e09494.jpg
4,CJGY2064580,2406200640451621700,2507140608201615212,2025-07-02T21:22:18+08:00,5,ES,K***x,muy bien,
4,CJGY2064580,2406200640451621700,2507140610101617210,2025-07-02T14:33:25+08:00,3,FR,B***k,mon chat aime bien mais pas très frais,https://cc-west-usa.oss-us-west-1.aliyuncs.com/comment/additional/0001/image/2025-07-14/df9518b0-9d64-4d8f-b428-7ca1c7cb112f.jpg
4,CJGY2064580,2406200640451621700,2507140610071616614,2025-07-02T13:27:03+08:00,3,ES,E***j,no esta mal,
4,CJGY2064580,2406200640451621700,2507140609571614804,2025-07-02T12:45:16+08:00,4,ES,N***r,"todo correcto,si se nota fresco.",https://cc-west-usa.oss-us-west-1.aliyuncs.com/comment/additional/0001/image/2025-07-14/b5c87ea4-a2e7-4f33-8b09-e07ed5dc9380.jpg|https://cc-west-usa.oss-us-west-1.aliyuncs.com/comment/additional/0001/image/2025-07-14/b0b23fd4-e3c0-40e4-a149-af88b473f6fa.jpg
4,CJGY2064580,2406200640451621700,2507140610341613810,2025-07-02T08:07:44+08:00,2,US,U***f,non serve a niente,
4,CJGY2064580,2406200640451621700,2507140610071616616,2025-07-02T05:40:46+08:00,3,ES,Y***r,"No refresca demasiado, he visto otras mejores",
4,CJGY2064580,2406200640451621700,2507140609541613213,2025-07-02T04:13:50+08:00,4,IT,U***z,Il mio cane neanche lo ha guardato la colpa non è del venditore ma mia che credo alle favole.,
4,CJGY2064580,2406200640451621700,2507140610411611917,2025-07-02T03:02:37+08:00,1,ES,F***f,No enfría nada. Os recomiendo comprar las de del.,
4,CJGY2064580,2406200640451621700,2507140610411611903,2025-07-02T02:54:49+08:00,1,ES,N***a,descripción engañosa no es refrescante es una simple colcha que al contacto da la sensación de más calor,
4,CJGY2064580,2406200640451621700,2507140608401619901,2025-07-02T02:35:31+08:00,5,UA,K***j,good quality,
4,CJGY2064580,2406200640451621700,2507140608531619903,2025-07-02T02:00:40+08:00,5,ES,N***k,"Es igual que en las fotos!!! Esta fresquita y para el verano va muy bien, a mí gata le ha encantado. Lo recomiendo.",
4,CJGY2064580,2406200640451621700,2507140610341613811,2025-07-02T01:33:24+08:00,2,PT,V***e,"Cumpre o objetivo , mas a qualidade dos acabamentos e costuras é muito má",
4,CJGY2064580,2406200640451621700,2507140608441613012,2025-07-02T00:15:26+08:00,5,DE,B***q,"очень приятная для моего котёнка, оставляет его в хорошем настроении",
4,CJGY2064580,2406200640451621700,2507140608151617409,2025-07-01T20:53:06+08:00,5,ES,V***m,"fantástica.
la segunda que compro",https://cc-west-usa.oss-us-west-1.aliyuncs.com/comment/additional/0001/image/2025-07-14/ab93f90b-e685-4b05-934c-ecd3f09e6b95.jpg
4,CJGY2064580,2406200640451621700,2507140608491613106,2025-07-01T17:10:48+08:00,5,IT,H***j,"bel tappetino per animali, lo metterò sul balcone per il mio cane, buon rapporto qualità prezzo, consiglio",https://cc-west-usa.oss-us-west-1.aliyuncs.com/comment/additional/0001/image/2025-07-14/12c0a8e0-c56e-4ef0-b3f2-93e09d3716ef.jpg
4,CJGY2064580,2406200640451621700,2507140608201615213,2025-07-01T16:34:20+08:00,5,US,K***g,nice,
4,CJGY2064580,2406200640451621700,2507140608351614907,2025-07-01T13:19:57+08:00,5,US,V***e,Se nota fresquita pero falta la aprobación del michi ,
4,CJGY2064580,2406200640451621700,2507140608441613011,2025-07-01T13:17:46+08:00,5,UA,Q***b,"коврик хороший,он действительно прохладный,продавцу,спасибо,за быструю отправку",https://cc-west-usa.oss-us-west-1.aliyuncs.com/comment/additional/0001/image/2025-07-14/6050b372-26b0-4517-bd73-30a07f54df36.jpg|https://cc-west-usa.oss-us-west-1.aliyuncs.com/comment/additional/0001/image/2025-07-14/106883a2-2cc0-46e9-8047-fb916364ba0a.jpg
4,CJGY2064580,2406200640451621700,2507140610411611916,2025-07-01T11:31:31+08:00,1,ES,S***f,"es un engaño, tela fresca q cuando la mascota está encima se calienta, muy mala calidad",
4,CJGY2064580,2406200640451621700,2507140610411611919,2025-07-01T09:21:48+08:00,1,BR,L***r,Muito pequeno não gostei ,https://cc-west-usa.oss-us-west-1.aliyuncs.com/comment/additional/0001/image/2025-07-14/db5a0f9d-fb8d-4a8c-be24-0529d21839f2.jpg|https://cc-west-usa.oss-us-west-1.aliyuncs.com/comment/additional/0001/image/2025-07-14/ea418b35-d086-4e6a-9b20-5bfd00527770.jpg
4,CJGY2064580,2406200640451621700,2507140608491613107,2025-07-01T07:45:37+08:00,5,ES,M***s,"son bastante útiles, y en el calor del verano más.",https://cc-west-usa.oss-us-west-1.aliyuncs.com/comment/additional/0001/image/2025-07-14/05ff2d75-18ce-4063-83df-6358cfa29a9b.jpg
4,CJGY2064580,2406200640451621700,2507140610071616612,2025-07-01T06:06:47+08:00,3,FR,B***p,Tissu frais mais rien d’extraordinaire… ,
4,CJGY2064580,2406200640451621700,2507140610351617602,2025-07-01T05:38:35+08:00,2,FR,V***e,Le tapis est en tissu ok mais il ne rafraichit pas du tout....,
4,CJGY2064580,2406200640451621700,2507140608411610000,2025-07-01T03:42:30+08:00,5,ES,Y***h,"No estaba seguro pero es fresquita, le encanta.",https://cc-west-usa.oss-us-west-1.aliyuncs.com/comment/additional/0001/image/2025-07-14/a754ff7a-03fb-42d6-9a5b-e3402f91d81c.jpg
4,CJGY2064580,2406200640451621700,2507140610071616615,2025-07-01T01:35:22+08:00,3,IT,Y***i,"non è proprio freschissimo, diciamo che all'inizio lo sembra, ma non è quel che pensavo",
4,CJGY2064580,2406200640451621700,2507140610411611902,2025-06-30T21:50:32+08:00,1,FR,I***y,Modèle minuscule trop petit comme un mouchoir ,
4,CJGY2064580,2406200640451621700,2507140609541613210,2025-06-30T16:10:08+08:00,4,ES,D***v,supongo que me equivoqué pidiendo el tamaño y lo que me ha llegado es del tamaño de un pañuelo,
4,CJGY2064580,2406200640451621700,2507140609571614801,2025-06-30T15:27:33+08:00,4,IL,W***r,a bit smaller then expected but nonetheless is cooling as described my cat is yet to try it but pretty nice for the summer.,
4,CJGY2064580,2406200640451621700,2507140610381616910,2025-06-30T09:44:03+08:00,1,ES,Q***s,no coolmat its a blanket,
4,CJGY2064580,2406200640451621700,2507140608311612011,2025-06-30T09:05:21+08:00,5,US,B***t,les chats ne m'ont encore rien dit mais bien frais au toucher,
4,CJGY2064580,2406200640451621700,2507140608201615206,2025-06-30T09:03:40+08:00,5,IT,W***c,"Looks nice and feels fresh. The dog didn’t understand yet what to do with it, but hope will understand. Good quality and fast shipping 👍🏼",https://cc-west-usa.oss-us-west-1.aliyuncs.com/comment/additional/0001/image/2025-07-14/dd8d914e-da6a-4b5b-aac6-b1cd3681baee.jpg
4,CJGY2064580,2406200640451621700,2507140610381616911,2025-06-30T08:24:40+08:00,1,UA,X***t,"Это просто коврик, охлаждения от него 0,0",
4,CJGY2064580,2406200640451621700,2507140608351614500,2025-06-30T04:33:37+08:00,5,ES,K***m,"Muy bien , fresquita ",
4,CJGY2064580,2406200640451621700,2507140610101617202,2025-06-30T03:44:19+08:00,3,ES,M***z,Refresca bastante poco. Para dias de mucho calor no la veo muy útil.,https://cc-west-usa.oss-us-west-1.aliyuncs.com/comment/additional/0001/image/2025-07-14/ffa29ec4-0be7-4936-9941-ae0c464309a2.jpg|https://cc-west-usa.oss-us-west-1.aliyuncs.com/comment/additional/0001/image/2025-07-14/ef649bb9-73e6-4260-936f-1c37029983f3.jpg
4,CJGY2064580,2406200640451621700,2507140609571614806,2025-06-29T23:56:51+08:00,4,FR,C***l,Un peu petit ,
4,CJGY2064580,2406200640451621700,2507140608411610100,2025-06-29T23:29:41+08:00,5,UA,M***k,"Размер коврика отличный , свои функции выполняет ",
4,CJGY2064580,2406200640451621700,2507140608401619700,2025-06-29T23:25:09+08:00,5,VE,U***a,Excelente! Para mi perrita en el verano,
4,CJGY2064580,2406200640451621700,2507140608251611319,2025-06-29T23:24:13+08:00,5,CH,V***e,Trop bien ,
4,CJGY2064580,2406200640451621700,2507140608441613004,2025-06-29T23:12:27+08:00,5,ES,I***b,Muy fresco,
4,CJGY2064580,2406200640451621700,2507140610071616618,2025-06-29T21:04:24+08:00,3,IT,X***e,"tappetini normali in spugnetta a più strati, nulla di che.
se li metti in freezer potrebbe essere restano freddi
i cani ci fanno la pipi",
4,CJGY2064580,2406200640451621700,2507140608411610101,2025-06-29T20:52:45+08:00,5,ES,P***t,"La tela es fresca. a mís perros les gusta. Es una esterilla finita, yo la dejo un poco en la nevera y así queda un poco más fría.",https://cc-west-usa.oss-us-west-1.aliyuncs.com/comment/additional/0001/image/2025-07-14/78b74717-1f68-467b-8de5-4f84c0dc9054.jpg|https://cc-west-usa.oss-us-west-1.aliyuncs.com/comment/additional/0001/image/2025-07-14/c948c9c4-3dd8-43f2-8932-f2e870f9a05c.jpg
4,CJGY2064580,2406200640451621700,2507140610071616605,2025-06-29T18:41:11+08:00,3,FR,S***a,N’est pas vraiment plus frais qu’un tapis pour chien classique ,
4,CJGY2064580,2406200640451621700,2507140608491613115,2025-06-29T15:25:56+08:00,5,CO,R***i,¡El pedido llegó mucho antes de la fecha estimada! El producto es exactamente como se describe y se ve en las fotos. La calidad es sorprendentemente buena para el precio que tiene. Vino muy bien empaquetado y protegido. ¡Totalmente recomendable!,https://cc-west-usa.oss-us-west-1.aliyuncs.com/comment/additional/0001/image/2025-07-14/0d69221c-eebb-49e0-bac3-06fb6cdff99d.jpg
4,CJGY2064580,2406200640451621700,2507140609571614702,2025-06-29T15:24:06+08:00,4,ES,M***c,El tamaño es regular  ha sido ideal para una caja de cartón y a los gatitos les gusta  así que bien no es muy gruesa,https://cc-west-usa.oss-us-west-1.aliyuncs.com/comment/additional/0001/image/2025-07-14/9e4555c6-939c-4916-82a6-86e5031b13e3.jpg
4,CJGY2064580,2406200640451621700,2507140608441613002,2025-06-29T15:19:31+08:00,5,KR,I***i,좋아요,
4,CJGY2064580,2406200640451621700,2507140608151617408,2025-06-29T14:20:53+08:00,5,CH,Z***v,Top bravo ,
4,CJGY2064580,2406200640451621700,2507140610341613804,2025-06-29T14:12:51+08:00,2,NL,B***d,Size is not accurate. Item was a lot smaller,
4,CJGY2064580,2406200640451621700,2507140608351614509,2025-06-29T13:03:24+08:00,5,KR,I***m,좋아요   사이즈는   이게 젤 좋은것같아요   작은사이즈는 너무 작아요,
4,CJGY2064580,2406200640451621700,2507140610101617205,2025-06-29T08:09:21+08:00,3,IT,N***v,"tappetini normali in spugnetta a più strati, nulla di che.
se li metti in freezer potrebbe essere restano freddi
i cani ci fanno la pipi",
4,CJGY2064580,2406200640451621700,2507140608351614909,2025-06-29T06:50:30+08:00,5,UA,U***h,"Хорошая подстилка,моей собаке понравилось ",
4,CJGY2064580,2406200640451621700,2507140610351617603,2025-06-29T06:20:56+08:00,2,ES,T***g,Muy pequeño. No noto que enfríe ,
4,CJGY2064580,2406200640451621700,2507140610101617207,2025-06-29T02:41:02+08:00,3,IT,Z***p,"tappetini normali in spugnetta a più strati, nulla di che.
se li metti in freezer potrebbe essere restano freddi
i cani ci fanno la pipi",
4,CJGY2064580,2406200640451621700,2507140609571614700,2025-06-29T01:16:40+08:00,4,ES,J***l,"El la medida ideal para una silla, y a los gatitos les gusta subirse a las sillas así que bien no es muy gruesa",https://cc-west-usa.oss-us-west-1.aliyuncs.com/comment/additional/0001/image/2025-07-14/a8b1f740-834f-48f7-bba8-0f0acd902bdd.jpg
4,CJGY2064580,2406200640451621700,2507140608151617415,2025-06-29T00:09:18+08:00,5,US,P***f,Pups absolutely love these cooling blankets ,
4,CJGY2064580,2406200640451621700,2507140609571614800,2025-06-28T23:24:00+08:00,4,UA,A***r,Quite nice!,
4,CJGY2064580,2406200640451621700,2507140610351617600,2025-06-28T21:46:00+08:00,2,ES,L***r,"Pensé que era un poco más grande, no veo que enfríe para nada. mi perrita se pone pero en nada se va.",
4,CJGY2064580,2406200640451621700,2507140608201615205,2025-06-28T17:21:31+08:00,5,CZ,F***z,"It's unbelievable, but the mat is really cool to the touch. Our dog is absolutely happy on these warm days.",
4,CJGY2064580,2406200640451621700,2507140608491613118,2025-06-28T17:13:59+08:00,5,NL,V***d,Super snel verzonden en ontvangen en erg tevreden over de items🙏🏼🧡,https://cc-west-usa.oss-us-west-1.aliyuncs.com/comment/additional/0001/image/2025-07-14/a21b3d8c-c933-4d67-94e7-9e1dbe8b7d20.jpg
4,CJGY2064580,2406200640451621700,2507140610381616907,2025-06-28T15:04:50+08:00,1,FR,H***s,tres déçu car cela ne refroidi guère et meme mis au congélateur ce n'est pas froid !!!!,
4,CJGY2064580,2406200640451621700,2507140608311612010,2025-06-28T12:04:14+08:00,5,PL,Y***l,Cool to the touch. Very quick delivery,
4,CJGY2064580,2406200640451621700,2507140608411610102,2025-06-28T11:58:07+08:00,5,NL,S***t,Super snel verzonden en ontvangen en erg tevreden over de items🙏🏼🧡,https://cc-west-usa.oss-us-west-1.aliyuncs.com/comment/additional/0001/image/2025-07-14/4808c48c-dbe1-4d95-9e96-bf58251ba2bf.jpg
4,CJGY2064580,2406200640451621700,2507140610411611912,2025-06-28T09:32:00+08:00,1,DE,E***k,ich habe 3 gekauft und nur 2 erhalten. sehr traurig!,
4,CJGY2064580,2406200640451621700,2507140608441613016,2025-06-28T09:31:27+08:00,5,ES,E***a,"sí se siente fresco al tacto, pero el XS es demasiado pequeño",
4,CJGY2064580,2406200640451621700,2507140608311612016,2025-06-28T09:12:09+08:00,5,NL,K***m,Is echt cooler,
4,CJGY2064580,2406200640451621700,2507140608351614905,2025-06-28T06:20:51+08:00,5,NL,P***w,Super snel verzonden en ontvangen en erg tevreden over de items🙏🏼🧡,https://cc-west-usa.oss-us-west-1.aliyuncs.com/comment/additional/0001/image/2025-07-14/af1e7aeb-34dc-4270-a054-70c96a22f891.jpg
4,CJGY2064580,2406200640451621700,2507140608251611318,2025-06-28T02:56:23+08:00,5,ES,Q***d,está fresquito,
4,CJGY2064580,2406200640451621700,2507140608491613100,2025-06-28T00:27:09+08:00,5,NL,W***a,Super snel verzonden en ontvangen en erg tevreden over de items🙏🏼🧡,https://cc-west-usa.oss-us-west-1.aliyuncs.com/comment/additional/0001/image/2025-07-14/8085a0c4-8747-48d7-869f-8f6198ae7c17.jpg
4,CJGY2064580,2406200640451621700,2507140608251611306,2025-06-27T21:06:52+08:00,5,IL,M***j,"הכלבה ממש אהבה
הזמנתי עוד",
4,CJGY2064580,2406200640451621700,2507140610101617209,2025-06-27T18:44:36+08:00,3,ES,D***c,es muy pequeño pero es fresquito,
4,CJGY2064580,2406200640451621700,2507140608251611314,2025-06-27T18:12:00+08:00,5,PL,M***w,wszystko jest ok według zamówienia,https://cc-west-usa.oss-us-west-1.aliyuncs.com/comment/additional/0001/image/2025-07-14/cf65b9cd-9819-40a0-a96a-6784ab665e62.jpg|https://cc-west-usa.oss-us-west-1.aliyuncs.com/comment/additional/0001/image/2025-07-14/a833104f-a5c8-4bb1-986a-d969e3832ae3.jpg|https://cc-west-usa.oss-us-west-1.aliyuncs.com/comment/additional/0001/image/2025-07-14/93cbd0af-7dc5-478a-8a4d-f83f2871f11e.jpg
4,CJGY2064580,2406200640451621700,2507140608401619801,2025-06-27T18:08:12+08:00,5,DE,N***g,"cool.
matte kühlt angemehm. grad zur warmen Zet gut.
wir nutzen es im Fussbereich vom Bett gegen die Hitze.",
4,CJGY2064580,2406200640451621700,2507140608151617413,2025-06-27T17:00:09+08:00,5,PE,I***d,"Se siente refrescante la vdd, mi bebé aún no se acostumbra pero pues si está fresh ",
4,CJGY2064580,2406200640451621700,2507140610071616606,2025-06-27T16:44:06+08:00,3,IT,O***o,sembra funzionare......vedremo,
4,CJGY2064580,2406200640451621700,2507140608151617407,2025-06-27T14:16:28+08:00,5,KR,D***d,좋아요 ㅈㅎㅎ ㅈㅈㄹ.  좋아요 ㅈㅎㅎ 좋아요 ㅈㅎㅎ  좋아요 ㅈㅎㅎ ㅈㅈㄹ.  좋아요 ㅈㅎㅎ 좋아요 ㅈㅎㅎ  좋아요 ㅈㅎㅎ ㅈㅈㄹ.  좋아요 ㅈㅎㅎ 좋아요 ㅈㅎㅎ  좋아요 ㅈㅎㅎ ㅈㅈㄹ.  좋아요 ㅈㅎㅎ 좋아요 ㅈㅎㅎ  ,https://cc-west-usa.oss-us-west-1.aliyuncs.com/comment/additional/0001/image/2025-07-14/919b1504-4656-448f-964a-00ef314fe02b.jpg
4,CJGY2064580,2406200640451621700,2507140608441613001,2025-06-27T12:55:58+08:00,5,DE,H***q,"cool.
matte kühlt angemehm. grad zur warmen Zet gut.
wir nutzen es im Fussbereich vom Bett gegen die Hitze.",
4,CJGY2064580,2406200640451621700,2507140610101617201,2025-06-27T12:02:14+08:00,3,ES,P***h,"Me la esperaba más fresquita, aún así calidad precio no está mal.",https://cc-west-usa.oss-us-west-1.aliyuncs.com/comment/additional/0001/image/2025-07-14/061f30f1-0acc-4187-a998-1f51bd7a5c80.jpg
4,CJGY2064580,2406200640451621700,2507140608201615203,2025-06-27T11:47:26+08:00,5,IL,X***l,"Отличный коврик, хорошая цена 4 евро. Коту понравился. Удобно.",
4,CJGY2064580,2406200640451621700,2507140608441613015,2025-06-27T09:08:36+08:00,5,ES,N***j,perfecta,
4,CJGY2064580,2406200640451621700,2507140608251611315,2025-06-27T08:36:06+08:00,5,IT,B***d,tutto ok vedere il cane come si comporta.,
4,CJGY2064580,2406200640451621700,2507140608251611310,2025-06-27T03:55:27+08:00,5,FR,H***g,"Très utile pour mon vieux chien lorsqu'il fait chaud.
Je recommande",
4,CJGY2064580,2406200640451621700,2507140608491613105,2025-06-26T14:46:00+08:00,5,ES,S***z,"perfecto,mi perrito ya ni se mueve de su alfombrilla",
4,CJGY2064580,2406200640451621700,2507140608351614900,2025-06-26T14:26:00+08:00,5,KR,C***l,잘도착,
4,CJGY2064580,2406200640451621700,2507140608311612009,2025-06-26T14:22:55+08:00,5,IL,F***n,מוצר מצויין ,
4,CJGY2064580,2406200640451621700,2507140608441613000,2025-06-26T11:53:21+08:00,5,UA,P***e,"Товар повністю відповідає опису.
Доставка швидка",
4,CJGY2064580,2406200640451621700,2507140608201615207,2025-06-26T08:55:31+08:00,5,KR,H***f,잘도착,
4,CJGY2064580,2406200640451621700,2507140608151617405,2025-06-26T07:41:36+08:00,5,IT,I***f,"I miei gatti li adorano, prodotto come descrizione.",
4,CJGY2064580,2406200640451621700,2507140610341613813,2025-06-26T06:17:24+08:00,2,IT,R***r,Non rinfresca per niente. Il mio cane dopo 4 minuti aveva caldo di nuovo lâ,
4,CJGY2064580,2406200640451621700,2507140608201615201,2025-06-26T03:03:28+08:00,5,KR,E***g,그냥 쓸만해요..,
4,CJGY2064580,2406200640451621700,2507140609571614807,2025-06-25T20:29:30+08:00,4,KR,N***m,시원하긴한데 오래누우면 줌 따뜻해짐,https://cc-west-usa.oss-us-west-1.aliyuncs.com/comment/additional/0001/image/2025-07-14/7012369e-77be-4ab3-b4e9-69c739497106.jpg
4,CJGY2064580,2406200640451621700,2507140608151617406,2025-06-25T20:14:28+08:00,5,UA,Z***u,Якісно виконаний,https://cc-west-usa.oss-us-west-1.aliyuncs.com/comment/additional/0001/image/2025-07-14/3ffee013-7c82-4051-ace9-db600988a327.jpg
4,CJGY2064580,2406200640451621700,2507140610411611901,2025-06-25T19:46:46+08:00,1,FR,L***u,"un morceau de tissus ,rien de rafraîchissement.... complètement nul",
4,CJGY2064580,2406200640451621700,2507140608251611303,2025-06-25T17:21:13+08:00,5,ES,W***i,"Como se ve, tamaño para un gato no es grande. Suave",
4,CJGY2064580,2406200640451621700,2507140608491613101,2025-06-25T16:09:41+08:00,5,JP,D***k,good good good good good good good good good good good good good good good good good good good good ,
4,CJGY2064580,2406200640451621700,2507140608201615211,2025-06-25T14:24:31+08:00,5,ES,T***q,Igual a la foto. Muy suave y sedosa. Se nota fresca. Creo que le gustará a mis gatos sino a los perros seguro que si no son tan delicados jajaja,https://cc-west-usa.oss-us-west-1.aliyuncs.com/comment/additional/0001/image/2025-07-14/007aae3c-b767-4b21-bb89-c59d83f8dd16.jpg
4,CJGY2064580,2406200640451621700,2507140608251611312,2025-06-25T13:33:04+08:00,5,UA,T***k,Супер,https://cc-west-usa.oss-us-west-1.aliyuncs.com/comment/additional/0001/image/2025-07-14/4ee4aeed-c2a7-4b7a-b1b6-8a4305416274.jpg
4,CJGY2064580,2406200640451621700,2507140608311612018,2025-06-25T12:16:11+08:00,5,ES,H***w,me encanta,
4,CJGY2064580,2406200640451621700,2507140608441613014,2025-06-25T11:55:53+08:00,5,JP,O***v,good good good good good good good good good good good good good good good good good good good good ,
4,CJGY2064580,2406200640451621700,2507140608351614503,2025-06-25T11:15:52+08:00,5,NL,E***w,👍👍👍😁,
4,CJGY2064580,2406200640451621700,2507140609541613218,2025-06-25T10:58:48+08:00,4,ES,O***u,bueno no es lo que  esperaba  pero por el precio pero igualmente hace su función,
4,CJGY2064580,2406200640451621700,2507140608311612012,2025-06-25T09:13:53+08:00,5,ES,Q***s,"Buena calidad, envio rápido, como en la descripción.",
4,CJGY2064580,2406200640451621700,2507140608401619703,2025-06-25T09:06:42+08:00,5,ES,W***k,"bien empaquetado, parece de calidad. el perro no lo usa mucho.",https://cc-west-usa.oss-us-west-1.aliyuncs.com/comment/additional/0001/image/2025-07-14/96b57a65-4937-4bc6-8774-9145dae07ca5.jpg
4,CJGY2064580,2406200640451621700,2507140608151617417,2025-06-25T06:31:03+08:00,5,ES,D***f,manta muy suave agradable y fresca,https://cc-west-usa.oss-us-west-1.aliyuncs.com/comment/additional/0001/image/2025-07-14/861ef998-1111-49ba-bd0f-8a96b10fb2bc.jpg|https://cc-west-usa.oss-us-west-1.aliyuncs.com/comment/additional/0001/image/2025-07-14/9085ab02-f0e2-4822-871b-8deaf1b220a8.jpg|https://cc-west-usa.oss-us-west-1.aliyuncs.com/comment/additional/0001/image/2025-07-14/0af6789c-936b-404c-82fc-6c0c4d94cffc.jpg
4,CJGY2064580,2406200640451621700,2507140608491613117,2025-06-25T05:41:47+08:00,5,JP,Z***a,good good good good good good good good good good good good good good good good good good good good ,
4,CJGY2064580,2406200640451621700,2507140608401619702,2025-06-25T05:33:31+08:00,5,DE,J***n,actually cool??? the package was hot due to the weather but when I took it out the plastic it was and still is cool!!,
4,CJGY2064580,2406200640451621700,2507140608531619700,2025-06-25T04:34:54+08:00,5,ES,C***s,Igual a la foto. Es mas bonita y muy suave como sedosa.,https://cc-west-usa.oss-us-west-1.aliyuncs.com/comment/additional/0001/image/2025-07-14/0f322a51-ba56-44c7-a0e1-cd9707d95181.jpg
4,CJGY2064580,2406200640451621700,2507140608401619900,2025-06-25T02:28:13+08:00,5,NL,Z***u,"Gelijk in gebruik genomen, voelt lekker koel aan.",https://cc-west-usa.oss-us-west-1.aliyuncs.com/comment/additional/0001/image/2025-07-14/a9d3e98f-50a3-480f-9588-d46d681f310b.jpg|https://cc-west-usa.oss-us-west-1.aliyuncs.com/comment/additional/0001/image/2025-07-14/33806c6b-eece-4880-a4aa-ac78ba63869d.jpg
4,CJGY2064580,2406200640451621700,2507140608201615202,2025-06-24T23:57:25+08:00,5,ES,M***d,He comprado varias repito la compra es ideal,
4,CJGY2064580,2406200640451621700,2507140608441613018,2025-06-24T23:03:16+08:00,5,DE,D***b,Sehr geil ,
4,CJGY2064580,2406200640451621700,2507140608411610001,2025-06-24T21:07:15+08:00,5,ES,M***b,"Algo más delgado de lo que esperaba pero funciona bien, el color tal cual la imagen y el tamaño y calidad bien ",
4,CJGY2064580,2406200640451621700,2507140610421619400,2025-06-24T20:23:38+08:00,1,ES,W***l,"no enfría es mentira, solo que la tela no coge calor pero eso de que enfría cuando se pone encima el animal es mentira",
4,CJGY2064580,2406200640451621700,2507140610071616607,2025-06-24T19:38:31+08:00,3,ES,C***v,"пришло быстро, но удручает все эти нитки.",https://cc-west-usa.oss-us-west-1.aliyuncs.com/comment/additional/0001/image/2025-07-14/f7de7e6e-f104-4de6-8a97-a91189df4b65.jpg
4,CJGY2064580,2406200640451621700,2507140610351617500,2025-06-24T14:55:31+08:00,2,CA,I***x,"I should’ve read the measurements, but saw the words “extra large”.  It’s smaller than my pillow. ",
4,CJGY2064580,2406200640451621700,2507140610341613812,2025-06-24T14:18:35+08:00,2,UA,A***r,"я непобачила що треба обирати розмір , прийшов малесенький що мене розстроїло",
4,CJGY2064580,2406200640451621700,2507140608251611307,2025-06-24T12:52:01+08:00,5,UA,C***f,Дуже класний килимок. Дійсно охолоджуючий. ,https://cc-west-usa.oss-us-west-1.aliyuncs.com/comment/additional/0001/image/2025-07-14/12c38838-af81-4db2-86cf-aaf8e6634385.jpg
4,CJGY2064580,2406200640451621700,2507140610101617204,2025-06-24T11:55:42+08:00,3,ES,P***u,De momento ni el gato ni el perro lo utilizan,
4,CJGY2064580,2406200640451621700,2507140609571614805,2025-06-24T10:16:08+08:00,4,IT,A***t,They seem to appreciate it and it actually is kinda cool to the touch! I don’t know if it’s still refreshing after the stay on it but it seems to do what it’s supposed to!,https://cc-west-usa.oss-us-west-1.aliyuncs.com/comment/additional/0001/image/2025-07-14/4a0c6f1e-b32a-4a37-a0e5-27806599cd95.jpg
4,CJGY2064580,2406200640451621700,2507140608351614908,2025-06-24T09:33:42+08:00,5,PE,U***p,"Tamaño ideal para gatos, por verano mi gatita lo usa y al tocarlo si se siente como la tela se mantiene fría ",
4,CJGY2064580,2406200640451621700,2507140608411610103,2025-06-24T08:51:02+08:00,5,KR,Y***g,신기하네요 ㅋ그냥 만져봤는데 시원합니다 ㅋ일단 한번 빨았는데 그래도 시원합니다 ㅋ노견이라 더위를 많이타서 이제라도 챙겨주려고 구매했는데 아주 잘 구매했습니다 ㅋ만족합니다 ㅋ사이즈 큰걸로 샀습니다 ㅋ,https://cc-west-usa.oss-us-west-1.aliyuncs.com/comment/additional/0001/image/2025-07-14/33716808-e1a3-482b-a95b-f00384ff56a5.jpg
4,CJGY2064580,2406200640451621700,2507140608491613111,2025-06-24T08:04:38+08:00,5,UK,K***v,This is great feels very cool. Would buy again Super fast shipping. Thanks seller,
4,CJGY2064580,2406200640451621700,2507140608441613007,2025-06-24T07:56:07+08:00,5,ES,K***g,"Se ajusta a lo publicitado.
Mi perrito supercontento",
4,CJGY2064580,2406200640451621700,2507140608311612017,2025-06-24T05:50:55+08:00,5,ES,B***t,Ponérsela en el suelo y tumbarse ,https://cc-west-usa.oss-us-west-1.aliyuncs.com/comment/additional/0001/image/2025-07-14/292f34fb-2b82-43d2-a77d-4ddb06597f83.jpg
4,CJGY2064580,2406200640451621700,2507140610101617206,2025-06-24T04:21:38+08:00,3,ES,T***f,"Mucho más pequeño de lo que esperaba, no sé nota nada el frio, supongo que por el precio que tiene no se puede pedir mucho más. El envío fue rápido.",
4,CJGY2064580,2406200640451621700,2507140608491613110,2025-06-24T04:13:06+08:00,5,PL,M***z,"коврик реально прохладный на ощупь, думаю в жару мой котик оценит 👍",
4,CJGY2064580,2406200640451621700,2507140608201615215,2025-06-24T03:46:28+08:00,5,FR,R***n,"Surprenant, au toucher le tapis paraît froid, parfait pour les été très chaud.",
4,CJGY2064580,2406200640451621700,2507140610411611908,2025-06-24T01:12:14+08:00,1,UK,V***v,No sirve para nada ,
4,CJGY2064580,2406200640451621700,2507140608251611300,2025-06-24T00:17:44+08:00,5,NL,F***r,voelt ook koel aan hond moet er nog even aan wennen .maar ziet er goed uit heb xl gepakt.,https://cc-west-usa.oss-us-west-1.aliyuncs.com/comment/additional/0001/image/2025-07-14/0b35ff6d-40fd-4faf-b846-d150503e8dd6.jpg
4,CJGY2064580,2406200640451621700,2507140610381616909,2025-06-23T22:21:02+08:00,1,ES,V***l,"no es refrescante,, es una esterilla normal",
4,CJGY2064580,2406200640451621700,2507140609541613209,2025-06-23T21:26:31+08:00,4,JP,G***y,肌触りも良く、涼しく感じる。縫製も問題無さそうである。大きさも問題なし。商品自体は、何ら問題無い。ただ、ホコリぽいので、一度洗濯してから使用しようと思う。あとは耐久性かな？,https://cc-west-usa.oss-us-west-1.aliyuncs.com/comment/additional/0001/image/2025-07-14/b4a87fd2-3a26-4fcb-88f9-0728830c79a5.jpg
4,CJGY2064580,2406200640451621700,2507140608311612019,2025-06-23T17:26:46+08:00,5,UA,W***t,соответствует описанию соответствует описанию соответствует описанию соответствует описанию соответствует описанию,https://cc-west-usa.oss-us-west-1.aliyuncs.com/comment/additional/0001/image/2025-07-14/1fdc5316-aa84-466d-8801-0b807b23e371.jpg
4,CJGY2064580,2406200640451621700,2507140608151617411,2025-06-23T16:14:37+08:00,5,ES,A***e,es fresquita le va super bien para mí perrita pequeña,
4,CJGY2064580,2406200640451621700,2507140608351614506,2025-06-23T12:19:23+08:00,5,ES,C***x,"Mis gatos aún lo están testeando, pero es verdad que es una tela que parece estar fría",
4,CJGY2064580,2406200640451621700,2507140608491613104,2025-06-23T11:01:15+08:00,5,PT,A***x,"its really soft ; not really cold , but its enough to keep them fresh
my cat went straight on it and seems very happy with it
which also means im happy with it 🩵",https://cc-west-usa.oss-us-west-1.aliyuncs.com/comment/additional/0001/image/2025-07-14/854f13e8-1a76-4726-a2c6-bc0e6b5c32e5.jpg|https://cc-west-usa.oss-us-west-1.aliyuncs.com/comment/additional/0001/image/2025-07-14/99091624-a56d-43fb-9127-910119b56de1.jpg
4,CJGY2064580,2406200640451621700,2507140608491613102,2025-06-23T10:06:33+08:00,5,ES,Z***e,se ve bien a ver si funciona,
4,CJGY2064580,2406200640451621700,2507140608151617403,2025-06-23T08:01:32+08:00,5,US,D***j,Thank you. I received it well.,
4,CJGY2064580,2406200640451621700,2507140608491613114,2025-06-23T07:33:58+08:00,5,CH,Z***s,tissu frais et doux,
4,CJGY2064580,2406200640451621700,2507140610381616908,2025-06-23T07:21:47+08:00,1,PL,S***v,"Ніякий це не охолоджуючий, а звичайний килимок. в охолоджуючих всередині гель. А цей просто з тканинки. не купуйте, вас обдурюють!",
4,CJGY2064580,2406200640451621700,2507140608201615208,2025-06-23T05:26:32+08:00,5,AT,O***f,👍👍👍👍👍👍👍👍👍👍👍👍😀😀😀😀,
4,CJGY2064580,2406200640451621700,2507140608151617410,2025-06-23T04:26:53+08:00,5,ES,Y***f,"llegó rápido, a mí perrito le encanta, cuando lo tocas si se nota que es más fresco que otros tejidos.",
4,CJGY2064580,2406200640451621700,2507140610071616609,2025-06-23T01:45:09+08:00,3,ES,L***l,vino rapidotoca probarlo pero por lo pronto no tiene nada de gely por lo tanto no sé cómo se enfriará para refrescar.,https://cc-west-usa.oss-us-west-1.aliyuncs.com/comment/additional/0001/image/2025-07-14/087d7cc7-e0b3-4e68-9010-65e6fab48fe5.jpg|https://cc-west-usa.oss-us-west-1.aliyuncs.com/comment/additional/0001/image/2025-07-14/071addab-1278-4fd8-9944-037d1af63d28.jpg
4,CJGY2064580,2406200640451621700,2507140608251611309,2025-06-22T20:38:03+08:00,5,FR,P***a,impeccable,
4,CJGY2064580,2406200640451621700,2507140608441613017,2025-06-22T20:31:28+08:00,5,KR,W***h,무슴 원리지??? 살에 대보면 엄청 시원함!!! 가볍고 얇아요 굿,
4,CJGY2064580,2406200640451621700,2507140610101617200,2025-06-22T14:46:48+08:00,3,UA,O***z,"На дотик прохолодний, під кицькою нагрівається. Хоча мало бути навпаки. Дешева рибка - погана юшка.",
4,CJGY2064580,2406200640451621700,2507140608311612013,2025-06-22T12:39:09+08:00,5,KR,K***i,알수없지만 시원해요!,
4,CJGY2064580,2406200640451621700,2507140608201615209,2025-06-22T08:25:39+08:00,5,ES,S***w,"check size, 30x40 cm is for a rat",
4,CJGY2064580,2406200640451621700,2507140610341613809,2025-06-22T05:22:47+08:00,2,PL,W***x,"wrong size, and 2 different sizes. whey said sorry it's manual sewing and can be mistake.",https://cc-west-usa.oss-us-west-1.aliyuncs.com/comment/additional/0001/image/2025-07-14/490f4fae-e074-4d1d-8a9c-b1b910d82f83.jpg|https://cc-west-usa.oss-us-west-1.aliyuncs.com/comment/additional/0001/image/2025-07-14/dd7d3965-48d5-4848-9228-8a66c55fb3e1.jpg|https://cc-west-usa.oss-us-west-1.aliyuncs.com/comment/additional/0001/image/2025-07-14/9676ad08-2cd0-4feb-b39a-db725e4e3ea7.jpg|https://cc-west-usa.oss-us-west-1.aliyuncs.com/comment/additional/0001/image/2025-07-14/1bbed919-5872-4d70-bbce-194aa9bb8cd8.jpg|https://cc-west-usa.oss-us-west-1.aliyuncs.com/comment/additional/0001/image/2025-07-14/395c4b36-9069-49f0-b2e9-b2fac0893318.jpg
4,CJGY2064580,2406200640451621700,2507140608411610002,2025-06-22T05:02:56+08:00,5,IT,S***a,Articolo fatto bene e gradito dal mio micio,
4,CJGY2064580,2406200640451621700,2507140608251611316,2025-06-22T04:16:22+08:00,5,UA,M***o,килимок зроблено якісно. розмір ідеальний,https://cc-west-usa.oss-us-west-1.aliyuncs.com/comment/additional/0001/image/2025-07-14/7b7eb398-7b26-48a4-af03-b7efc23adc6d.jpg|https://cc-west-usa.oss-us-west-1.aliyuncs.com/comment/additional/0001/image/2025-07-14/4c99f02b-d670-4e8f-b3b7-a6c3aed06c13.jpg
4,CJGY2064580,2406200640451621700,2507140609541613217,2025-06-21T21:02:54+08:00,4,PT,R***f,"Muito bom, material está constantemente fresco",https://cc-west-usa.oss-us-west-1.aliyuncs.com/comment/additional/0001/image/2025-07-14/1271364b-0e4c-48a6-a4a6-4de195556d2b.jpg
4,CJGY2064580,2406200640451621700,2507140608411610104,2025-06-21T15:38:24+08:00,5,DE,B***k,Die Decke ist wirklich phantastisch und richtig angenehm ! Super verarbeitet ! Sieht optisch sehr gut aus und hat wirklich einen kühlenden Effekt da sie keine wärme annimmt !,
4,CJGY2064580,2406200640451621700,2507140608441613009,2025-06-21T13:39:17+08:00,5,ES,B***q,muy bien,
4,CJGY2064580,2406200640451621700,2507140608311612001,2025-06-21T08:44:01+08:00,5,UA,G***o,Perfect 👌,
4,CJGY2064580,2406200640451621700,2507140610381616914,2025-06-21T08:33:57+08:00,1,UA,J***n,Не отримала ,
4,CJGY2064580,2406200640451621700,2507140608311612007,2025-06-21T07:00:38+08:00,5,ES,E***h,"Buen tamaño  y calidad, no la siento muy ""fría"" pero está suave para que se acuesten",https://cc-west-usa.oss-us-west-1.aliyuncs.com/comment/additional/0001/image/2025-07-14/77d64ab0-e8b8-4e05-bc22-99514fac1f48.jpg|https://cc-west-usa.oss-us-west-1.aliyuncs.com/comment/additional/0001/image/2025-07-14/c8aef41a-8e48-46c4-afbd-28186376f7bf.jpg|https://cc-west-usa.oss-us-west-1.aliyuncs.com/comment/additional/0001/image/2025-07-14/8c1cf269-fc59-4269-b39c-f2f317a477c1.jpg
4,CJGY2064580,2406200640451621700,2507140610381616912,2025-06-21T04:25:55+08:00,1,UA,M***y,Не отримала ,
4,CJGY2064580,2406200640451621700,2507140610341613807,2025-06-20T17:15:21+08:00,2,MX,C***v,"la verdad no se siente frío, yo vivo en el Caribe y a temperatura ambiente no es gran cosa, hasta se siente más caliente. envio rapido y vendedor excelente. pero el producto deja mucho que desear",
4,CJGY2064580,2406200640451621700,2507140608151617414,2025-06-20T12:58:04+08:00,5,ES,I***r,se nota un tejido mucho más fresco que otros que tenemos en casa,
4,CJGY2064580,2406200640451621700,2507140608151617404,2025-06-20T12:12:18+08:00,5,KR,S***m,넓고 촉감이 차가운게 좋아요^^어디서든 사용할수잇고 가격도 착하네요♡,
4,CJGY2064580,2406200640451621700,2507140608201615204,2025-06-20T11:44:29+08:00,5,DE,B***y,Die gelieferte Ware entspricht der Produktbeschreibung. Die Verpackung ist angemessen.,
4,CJGY2064580,2406200640451621700,2507140608531619900,2025-06-20T10:51:21+08:00,5,UA,Z***h,"Чудовий килимок. Реально прохолодний, холодить за рахунок матерії. Рекомендую",https://cc-west-usa.oss-us-west-1.aliyuncs.com/comment/additional/0001/image/2025-07-14/95a03d06-a9a9-4461-bcc3-3532b58390db.jpg|https://cc-west-usa.oss-us-west-1.aliyuncs.com/comment/additional/0001/image/2025-07-14/2ecb232b-9f3c-40fc-a80e-13d92934707d.jpg|https://cc-west-usa.oss-us-west-1.aliyuncs.com/comment/additional/0001/image/2025-07-14/167976e2-a53e-41f9-8228-39eefe366a86.jpg
4,CJGY2064580,2406200640451621700,2507140608311612004,2025-06-20T08:00:12+08:00,5,IT,E***x,Prodotto conforme alla descrizione e consegnato nei tempi prestabiliti 🔝 Ringrazio e consiglio questo Venditore 👏🏻 ,https://cc-west-usa.oss-us-west-1.aliyuncs.com/comment/additional/0001/image/2025-07-14/96293592-6660-4aa3-bb46-5ec0c8a79362.jpg|https://cc-west-usa.oss-us-west-1.aliyuncs.com/comment/additional/0001/image/2025-07-14/330b9cbf-2fac-4974-853b-7ac7fd9ef76c.jpg|https://cc-west-usa.oss-us-west-1.aliyuncs.com/comment/additional/0001/image/2025-07-14/3a0d62de-708e-4447-a0d9-00f929268415.jpg|https://cc-west-usa.oss-us-west-1.aliyuncs.com/comment/additional/0001/image/2025-07-14/89d68955-3d6b-4c20-86b6-568e0ccfa8d6.jpg
4,CJGY2064580,2406200640451621700,2507140608401619705,2025-06-20T07:26:31+08:00,5,CA,O***n,Very happy with my purchase. Exactly as described!,
4,CJGY2064580,2406200640451621700,2507140608441613013,2025-06-20T06:05:52+08:00,5,GR,Y***h,"seems ok
haven't tried it really yet",https://cc-west-usa.oss-us-west-1.aliyuncs.com/comment/additional/0001/image/2025-07-14/022f9647-16d6-4048-bbbb-2a401a155b8b.jpg
4,CJGY2064580,2406200640451621700,2507140608351614507,2025-06-20T05:44:56+08:00,5,DE,M***e,"вроде нормально , посмтрим",
4,CJGY2064580,2406200640451621700,2507140608491613112,2025-06-20T00:42:59+08:00,5,ES,J***x,"Genial, muy refrescante ya había comprado otras antes. Lo recomiendo para perritos y gatitos.",
4,CJGY2064580,2406200640451621700,2507140608491613113,2025-06-19T20:58:47+08:00,5,ES,Y***z,Perfecto para mi perrito se siente fresco ,
4,CJGY2064580,2406200640451621700,2507140608251611304,2025-06-19T11:17:05+08:00,5,BR,M***p,ótimo,
4,CJGY2064580,2406200640451621700,2507140610351617605,2025-06-19T05:20:08+08:00,2,IT,A***h,"totalmente inutile, chiederò il rimborso",
4,CJGY2064580,2406200640451621700,2507140608351614502,2025-06-19T04:29:30+08:00,5,UA,W***i,Ткань действительно холодит,
4,CJGY2064580,2406200640451621700,2507140608251611308,2025-06-19T02:51:21+08:00,5,NL,J***r,hondjes liggen er prins-heerlijk op!,https://cc-west-usa.oss-us-west-1.aliyuncs.com/comment/additional/0001/image/2025-07-14/1cda159a-5db9-4c2c-9c8b-07f4a42bf4d2.jpg|https://cc-west-usa.oss-us-west-1.aliyuncs.com/comment/additional/0001/image/2025-07-14/566b1bad-bf1d-4d79-bfaa-1ef5639197da.jpg
4,CJGY2064580,2406200640451621700,2507140609541613211,2025-06-19T01:36:52+08:00,4,FR,B***q,"pensez a bien vérifier la taille, je m'attendais a un tr'apis plus grand mais c'est ma faute j'ai pas regardé la taille avant de l'acheter",
4,CJGY2064580,2406200640451621700,2507140608531619904,2025-06-18T23:57:42+08:00,5,KR,P***i,"그냥 순간 시원ㅋㅋ
싸니깐 걍 ㅋㅋ",
4,CJGY2064580,2406200640451621700,2507140608251611305,2025-06-18T11:53:49+08:00,5,PL,D***j,Прохладный коврик. Рекомендую. Пришел раньше срока ,https://cc-west-usa.oss-us-west-1.aliyuncs.com/comment/additional/0001/image/2025-07-14/9c4820a3-fbef-4090-b35b-ecd652ad6b23.jpg
4,CJGY2064580,2406200640451621700,2507140610071616613,2025-06-18T07:48:21+08:00,3,UA,W***m,"Получила охлаждающий коврик за  10 дней. Когда дотрагиваюсь до него, он прохладный, потом от руки согревается , собака не лежит на нём.",https://cc-west-usa.oss-us-west-1.aliyuncs.com/comment/additional/0001/image/2025-07-14/2c4d1871-de1c-47ad-89e4-766fc0aebbea.jpg
4,CJGY2064580,2406200640451621700,2507140610071616611,2025-06-18T05:57:59+08:00,3,US,H***m,"Es una manta muy finita, si que por el tejido da menos calor que un cojín, pero no refrigera",
4,CJGY2064580,2406200640451621700,2507140608311612002,2025-06-18T04:47:08+08:00,5,IT,B***l,misure come da descrizione,
4,CJGY2064580,2406200640451621700,2507140608491613108,2025-06-18T01:36:25+08:00,5,IT,O***a,"è freddo sul serio, onestamente ero un po' scettica ma mi sono ricreduta e la mia gatta apprezza 😂😂",https://cc-west-usa.oss-us-west-1.aliyuncs.com/comment/additional/0001/image/2025-07-14/0736a7c6-0aa5-43ed-9608-24917b75470f.jpg|https://cc-west-usa.oss-us-west-1.aliyuncs.com/comment/additional/0001/image/2025-07-14/bd0737d7-685f-4ff2-a2a2-e69214dcf951.jpg|https://cc-west-usa.oss-us-west-1.aliyuncs.com/comment/additional/0001/image/2025-07-14/13020c48-a476-4613-8345-9533df5b6bb7.jpg
4,CJGY2064580,2406200640451621700,2507140610381616916,2025-06-17T23:52:10+08:00,1,DE,Y***r,"Stoff ist sehr rutschig,Hält nur im ersten Moment kalt, danach ist sie warm",
4,CJGY2064580,2406200640451621700,2507140608201615200,2025-06-17T23:04:46+08:00,5,UK,J***g,"Schnelle Lieferung, einwandfreie Qualität und exakt wie beschrieben – sehr zufrieden mit den bestellten Produkten.",https://cc-west-usa.oss-us-west-1.aliyuncs.com/comment/additional/0001/image/2025-07-14/18e3b2a2-3b10-4726-8c25-6b294b2e5dca.jpg
4,CJGY2064580,2406200640451621700,2507140610411611918,2025-06-17T22:22:37+08:00,1,DE,Y***e,"Stoff ist sehr rutschig,Hält nur im ersten Moment kalt, danach ist sie warm",
4,CJGY2064580,2406200640451621700,2507140608151617412,2025-06-17T21:49:51+08:00,5,ES,B***h,"Entrega super rápido, me llegó en 5 días, tal y como se describe es fina pero suave y se siente fresco, no es frío es un frescor. 
Entrega super rápido, me llegó en 5 días, tal y como se describe es fina pero suave y se siente fresco",https://cc-west-usa.oss-us-west-1.aliyuncs.com/comment/additional/0001/image/2025-07-14/51627b12-97d2-481d-9747-a983bd4969cd.jpg
4,CJGY2064580,2406200640451621700,2507140608201615214,2025-06-17T21:39:20+08:00,5,US,W***m,its so good!!! my dog loves it so much and it cools her down when she gets the zoomies,https://cc-west-usa.oss-us-west-1.aliyuncs.com/comment/additional/0001/image/2025-07-14/1a843e8c-50b8-4e0d-b76b-70cc0d34fa9f.jpg|https://cc-west-usa.oss-us-west-1.aliyuncs.com/comment/additional/0001/image/2025-07-14/39a72e25-b472-4b0f-a93a-6b661e3fdcd7.jpg
4,CJGY2064580,2406200640451621700,2507140610411611907,2025-06-17T20:27:05+08:00,1,DE,F***u,"Stoff ist sehr rutschig,Hält nur im ersten Moment kalt, danach ist sie warm",
4,CJGY2064580,2406200640451621700,2507140610411611906,2025-06-17T17:03:39+08:00,1,DE,E***f,"Stoff ist sehr rutschig,Hält nur im ersten Moment kalt, danach ist sie warm",
4,CJGY2064580,2406200640451621700,2507140609571614701,2025-06-17T15:09:05+08:00,4,ES,Y***y,Bien,
4,CJGY2064580,2406200640451621700,2507140610381616915,2025-06-17T14:50:04+08:00,1,DE,I***i,"Stoff ist sehr rutschig,Hält nur im ersten Moment kalt, danach ist sie warm",
4,CJGY2064580,2406200640451621700,2507140610101617208,2025-06-17T13:48:51+08:00,3,ES,D***r,calidad pobre.,
4,CJGY2064580,2406200640451621700,2507140608351614508,2025-06-17T11:49:03+08:00,5,UA,N***p,Коту кажется понравился,https://cc-west-usa.oss-us-west-1.aliyuncs.com/comment/additional/0001/image/2025-07-14/559d0cdb-2d17-4a4e-9caa-f5fb01c1ef83.jpg
4,CJGY2064580,2406200640451621700,2507140610411611910,2025-06-17T11:38:57+08:00,1,DE,Y***j,"Stoff ist sehr rutschig,Hält nur im ersten Moment kalt, danach ist sie warm",
4,CJGY2064580,2406200640451621700,2507140610411611900,2025-06-17T09:38:29+08:00,1,DE,W***n,"Stoff ist sehr rutschig,Hält nur im ersten Moment kalt, danach ist sie warm",
4,CJGY2064580,2406200640451621700,2507140608351614904,2025-06-17T09:14:24+08:00,5,MX,N***y,Excelente artículo ,https://cc-west-usa.oss-us-west-1.aliyuncs.com/comment/additional/0001/image/2025-07-14/fe059331-69c9-4cd6-8408-c7c7b93f3dd6.jpg
4,CJGY2064580,2406200640451621700,2507140608351614505,2025-06-17T09:12:23+08:00,5,UA,G***r,"Розміри вірні, подивимося як буде працювати.",
4,CJGY2064580,2406200640451621700,2507140608531619701,2025-06-17T07:12:05+08:00,5,EC,V***k,Buena le mantiene fresca en el verano,
4,CJGY2064580,2406200640451621700,2507140608251611311,2025-06-17T06:31:41+08:00,5,KR,I***l,일단냄새안나도좋으,
4,CJGY2064580,2406200640451621700,2507140610411611904,2025-06-17T05:37:35+08:00,1,DE,A***b,"Stoff ist sehr rutschig,Hält nur im ersten Moment kalt, danach ist sie warm",
4,CJGY2064580,2406200640451621700,2507140608311612005,2025-06-17T04:42:32+08:00,5,ES,V***x,"Entrega super rápido, me llegó en 5 días, tal y como se describe es fina pero suave y se siente fresco..
Entrega super rápido, me llegó en 5 días, tal y como se describe es fina pero suave y se siente fresco",https://cc-west-usa.oss-us-west-1.aliyuncs.com/comment/additional/0001/image/2025-07-14/e40d0466-4ce4-43a4-81cb-4e7fbbd0dbef.jpg
4,CJGY2064580,2406200640451621700,2507140610411611909,2025-06-17T02:15:40+08:00,1,DE,D***x,"Stoff ist sehr rutschig,Hält nur im ersten Moment kalt, danach ist sie warm",
4,CJGY2064580,2406200640451621700,2507140610411611911,2025-06-17T02:08:54+08:00,1,DE,C***q,"Stoff ist sehr rutschig,Hält nur im ersten Moment kalt, danach ist sie warm",
4,CJGY2064580,2406200640451621700,2507140610411611915,2025-06-17T01:12:02+08:00,1,DE,P***d,"Stoff ist sehr rutschig,Hält nur im ersten Moment kalt, danach ist sie warm",
4,CJGY2064580,2406200640451621700,2507140608251611313,2025-06-17T00:35:51+08:00,5,KR,F***g,좋아요,
4,CJGY2064580,2406200640451621700,2507140608491613109,2025-06-16T19:13:01+08:00,5,PL,B***m,"mata szybko przyszła, ładnie wykonczona",https://cc-west-usa.oss-us-west-1.aliyuncs.com/comment/additional/0001/image/2025-07-14/7fa93a97-cb1a-4235-8f90-0503e7f4a092.jpg
4,CJGY2064580,2406200640451621700,2507140608351614902,2025-06-16T18:40:14+08:00,5,KR,M***t,날씨가 더워져 강아지가 힘들어하는거같아  구매했는데 시원한지 잘 누워있네요 부피도 크지 않고 자동차에 깔고 여행다니기도 괞을거같고 크게 비싸지도 않고 만족합니다 잘쓰겠습니다,https://cc-west-usa.oss-us-west-1.aliyuncs.com/comment/additional/0001/image/2025-07-14/001ccc35-f920-4a00-a283-b7787b74e222.jpg|https://cc-west-usa.oss-us-west-1.aliyuncs.com/comment/additional/0001/image/2025-07-14/7b71cf03-795c-4d51-b8ee-0a6ad72f40e3.jpg
4,CJGY2064580,2406200640451621700,2507140608351614906,2025-06-16T15:18:59+08:00,5,ES,F***g,"Ha sido poner la alfombrilla,y ya la perrita nó quiere levantarse.MARAVILLOSA.😃",https://cc-west-usa.oss-us-west-1.aliyuncs.com/comment/additional/0001/image/2025-07-14/a2e0ba30-6c7b-4225-8849-b463669c2bb7.jpg
4,CJGY2064580,2406200640451621700,2507140608351614903,2025-06-16T14:10:44+08:00,5,UA,D***j,"Моей собачке понравилось, холодненький . Прекрасный коврик. ",https://cc-west-usa.oss-us-west-1.aliyuncs.com/comment/additional/0001/image/2025-07-14/76d72def-33e3-47c2-a190-af66c5bfe20c.jpg|https://cc-west-usa.oss-us-west-1.aliyuncs.com/comment/additional/0001/image/2025-07-14/6a3487f2-1041-4761-a30f-e98db79f5159.jpg
4,CJGY2064580,2406200640451621700,2507140610341613814,2025-06-16T08:09:29+08:00,2,ES,E***f,"Es una mantita fina normal, no veo que sea summer Pet.",
4,CJGY2064580,2406200640451621700,2507140609571614803,2025-06-15T21:58:53+08:00,4,UA,Z***a,Норм ,https://cc-west-usa.oss-us-west-1.aliyuncs.com/comment/additional/0001/image/2025-07-14/d003b7cb-f1a9-405e-9220-2bba59adad24.jpg
4,CJGY2064580,2406200640451621700,2507140608311612003,2025-06-15T20:37:15+08:00,5,NL,P***v,👍👍👍,
4,CJGY2064580,2406200640451621700,2507140608251611317,2025-06-15T15:02:30+08:00,5,NL,J***z,2nd order! Perfect again! It really works! My cats are very happy! 😀 Thank you! A++++ Seller!,
4,CJGY2064580,2406200640451621700,2507140608351614901,2025-06-15T04:04:58+08:00,5,NL,S***g,2nd order! Perfect again! It really works! My cats are very happy! 😀 Thank you! A++++ Seller!,
4,CJGY2064580,2406200640451621700,2507140608441613003,2025-06-14T09:39:18+08:00,5,ES,E***g,"perfecto, mi perro está encantado",
4,CJGY2064580,2406200640451621700,2507140608581618704,2025-06-13T14:32:56+08:00,5,FR,L***x,Produit Bien reçu Merci; Fait le travail demandé; Aucun problème pour cette commande; Je recommande le vendeur 😉,https://cc-west-usa.oss-us-west-1.aliyuncs.com/comment/additional/0001/image/2025-07-14/29374ca8-e5d7-4ccc-be62-268c1287c7fb.jpg|https://cc-west-usa.oss-us-west-1.aliyuncs.com/comment/additional/0001/image/2025-07-14/9705c495-05ef-4a64-90cc-a84032bc4615.jpg|https://cc-west-usa.oss-us-west-1.aliyuncs.com/comment/additional/0001/image/2025-07-14/35158477-b1ae-4767-af42-0f03b1080a9a.jpg
4,CJGY2064580,2406200640451621700,2507140609341611915,2025-06-13T12:45:50+08:00,5,FR,J***k,Conforme à la photo ,
4,CJGY2064580,2406200640451621700,2507140609591616413,2025-06-13T03:17:56+08:00,4,UA,D***i,"Справжній розмір 38×29
При доторкі прохолодна тканина, якщо тримати руку то ефект вже за 5 секунд зникає. Песики ще не лежали, перевірю згодом як їм",https://cc-west-usa.oss-us-west-1.aliyuncs.com/comment/additional/0001/image/2025-07-14/e47b104b-1087-4cba-9f1f-a495ec87ab33.jpg|https://cc-west-usa.oss-us-west-1.aliyuncs.com/comment/additional/0001/image/2025-07-14/f9f1bc29-3f75-4ea4-b58b-8da8252e9ff6.jpg
4,CJGY2064580,2406200640451621700,2507140610101617216,2025-06-13T03:10:32+08:00,3,CH,N***s,"Bien reçu. Rafraîchi bien au touché. Ma BA la adopter. Est que cela durera, pas sur. La surface et tres fine. Pour le prix, sais cher.",
4,CJGY2064580,2406200640451621700,2507140610351617608,2025-06-12T23:45:25+08:00,2,MX,I***r,"No es lo que esperaba, pedí mediano y me llegó chico, aparte no es fresco ",
4,CJGY2064580,2406200640451621700,2507140609281614101,2025-06-12T17:28:28+08:00,5,ES,W***t,Fresquita ,https://cc-west-usa.oss-us-west-1.aliyuncs.com/comment/additional/0001/image/2025-07-14/f732408e-b9dc-478e-8d23-9a4610337d83.jpg
4,CJGY2064580,2406200640451621700,2507140609141614711,2025-06-12T16:16:39+08:00,5,ES,N***x,Perfecta les encanta y es fresquita ,https://cc-west-usa.oss-us-west-1.aliyuncs.com/comment/additional/0001/image/2025-07-14/f39346fe-0057-412f-9f39-029ce0986d28.jpg|https://cc-west-usa.oss-us-west-1.aliyuncs.com/comment/additional/0001/image/2025-07-14/cef19bf3-e974-4fd8-85b5-ba281a0bd461.jpg
4,CJGY2064580,2406200640451621700,2507140609411615800,2025-06-12T16:05:15+08:00,5,IL,E***r,"מידה טובה ומתאימה , קצת קליל מדי והכלב מבלגן בקלות וצריך לסדר אבל אוהב לשבת על זה",
4,CJGY2064580,2406200640451621700,2507140609081614100,2025-06-12T15:52:39+08:00,5,KR,H***j,많이 작네요 큰거랑 작은거랑 섞어서 삿는데 다들 큰거 사세요..,https://cc-west-usa.oss-us-west-1.aliyuncs.com/comment/additional/0001/image/2025-07-14/957ea1dd-43c6-4b5b-9706-a4460a3390bf.jpg
4,CJGY2064580,2406200640451621700,2507140609471610301,2025-06-12T13:32:42+08:00,5,KR,A***a,큰건 사이즈가 딱좋아요 작은거 위에 올라갓는데 소형견 뚱땡이 인데 작아요 이 사이즈가 넉넉하니 좋은듯요,https://cc-west-usa.oss-us-west-1.aliyuncs.com/comment/additional/0001/image/2025-07-14/9da45516-5b20-427d-85fa-4137c5896bfa.jpg
4,CJGY2064580,2406200640451621700,2507140609411615814,2025-06-12T07:51:38+08:00,5,IT,O***x,"devo ancora provare,",https://cc-west-usa.oss-us-west-1.aliyuncs.com/comment/additional/0001/image/2025-07-14/8312f52d-6a7e-42c7-91c0-d8835ac9d765.jpg|https://cc-west-usa.oss-us-west-1.aliyuncs.com/comment/additional/0001/image/2025-07-14/dc9b32f8-63d3-4ba2-ab68-a6e60224a282.jpg
4,CJGY2064580,2406200640451621700,2507140610351617612,2025-06-12T05:53:54+08:00,2,IL,D***z,"The product is completely compatible with what has arrived! Arrived a blanket that does not have cooling properties, just a blanket",
4,CJGY2064580,2406200640451621700,2507140609031615707,2025-06-12T02:50:58+08:00,5,IL,T***m,Our dog loves it!,
4,CJGY2064580,2406200640451621700,2507140610421619404,2025-06-12T01:27:43+08:00,1,ES,W***a,No enfría,
4,CJGY2064580,2406200640451621700,2507140609471610205,2025-06-11T23:01:38+08:00,5,ES,X***j,al gatito le gusta,
4,CJGY2064580,2406200640451621700,2507140609081614110,2025-06-11T22:28:00+08:00,5,UK,F***s,Great item and price!,
4,CJGY2064580,2406200640451621700,2507140610431618600,2025-06-11T21:43:14+08:00,1,PT,P***k,Nao funciona!🙂‍↕️,
4,CJGY2064580,2406200640451621700,2507140610351617609,2025-06-11T10:57:09+08:00,2,ES,G***h,muy pequeño,
4,CJGY2064580,2406200640451621700,2507140609471610204,2025-06-11T09:37:18+08:00,5,UK,C***t,Great item and price!,
4,CJGY2064580,2406200640451621700,2507140609081614108,2025-06-11T09:31:34+08:00,5,UK,M***u,Great item and price!,
4,CJGY2064580,2406200640451621700,2507140609411615810,2025-06-11T00:35:31+08:00,5,UK,M***h,Great item and price!,
4,CJGY2064580,2406200640451621700,2507140609591616412,2025-06-10T19:41:28+08:00,4,IL,T***g,המשטח באמת קריר לא הייתי נסחף ואומר קר,
4,CJGY2064580,2406200640451621700,2507140609471610206,2025-06-10T10:05:14+08:00,5,ES,O***p,"perfecto, igual que en la foto",
4,CJGY2064580,2406200640451621700,2507140609591616402,2025-06-10T08:34:28+08:00,4,ES,K***t,"Muy buen producto. Encaja con la descripción y buen servicio del vendedor, pero como siempre la entrega por CORREOS una pura fatalidad (por no decir palabras malsonantes). El servicio postal de.Correos te comunica que va por express y que llegará por la mañana y como muy tarde antes de las 3 de la tarde, pero como siempre... llegó a las 6 de la tarde, aunque al menos está vez llamaron por teléfono para intentar dejarlo en otro punto de recogida.",
4,CJGY2064580,2406200640451621700,2507140609211613213,2025-06-10T08:23:52+08:00,5,ES,E***l,Parece bien pero no lo.he probado,
4,CJGY2064580,2406200640451621700,2507140609081614107,2025-06-10T07:52:42+08:00,5,ES,L***g,Muy contento mis gatos ya se ponen gracias ,
4,CJGY2064580,2406200640451621700,2507140609411615815,2025-06-09T23:41:52+08:00,5,ES,L***e,"son frescas, cuando se pone a dormir en la manta apenas se nota que está usándola, le pasas la mano y sigue fresca.",
4,CJGY2064580,2406200640451621700,2507140608531619910,2025-06-09T22:12:05+08:00,5,KR,M***f,"한국 발송 만원짜리랑 차이가 없어요 
오자마자 뜯어서 확인하니 시원하고 좋내요ㅋ
싸게 잘 샀어요 번창하세요
한국 발송 만원짜리랑 차이가 없어요 
오자마자 뜯어서 확인하니 시원하고 좋내요ㅋ
싸게 잘 샀어요 번창하세요",https://cc-west-usa.oss-us-west-1.aliyuncs.com/comment/additional/0001/image/2025-07-14/f3379ce3-8af6-45e7-8623-d13caf2c27a9.jpg
4,CJGY2064580,2406200640451621700,2507140609031615711,2025-06-09T20:04:01+08:00,5,KR,R***c,시원한원단 가격대비 나쁘지않아요,
4,CJGY2064580,2406200640451621700,2507140609141614709,2025-06-09T19:39:45+08:00,5,KR,Z***e,냉감효과 좋네요 ㅎㅎ,https://cc-west-usa.oss-us-west-1.aliyuncs.com/comment/additional/0001/image/2025-07-14/d22daaa1-b842-40b6-867d-0ca6f4472e8b.jpg
4,CJGY2064580,2406200640451621700,2507140609031615706,2025-06-09T19:32:23+08:00,5,US,W***j,Awesome,
4,CJGY2064580,2406200640451621700,2507140608581618700,2025-06-09T17:46:38+08:00,5,US,C***o,Awesome,
4,CJGY2064580,2406200640451621700,2507140609211613207,2025-06-09T15:10:21+08:00,5,ES,N***p,Frescas y bonitas. Les han encantado ,
4,CJGY2064580,2406200640451621700,2507140609281614209,2025-06-09T14:54:56+08:00,5,ES,L***i,Super frescas y suaves. Nos han encantado,
4,CJGY2064580,2406200640451621700,2507140609081614112,2025-06-09T09:19:35+08:00,5,KR,M***y,가격도 저렴하고 좋아요 배송이 늦지만 알리니까 이해,https://cc-west-usa.oss-us-west-1.aliyuncs.com/comment/additional/0001/image/2025-07-14/17b98bfc-7215-4588-a1d8-3ebf99760f16.jpg
4,CJGY2064580,2406200640451621700,2507140609341611917,2025-06-09T06:37:12+08:00,5,ES,C***k,"El producto si que es como indica el proveedor. Lo malo es que me equivoqué de tamaño y se me queda pequeña la alfombra pero si que da fresquito.
El envío llegó antes de tiempo.",https://cc-west-usa.oss-us-west-1.aliyuncs.com/comment/additional/0001/image/2025-07-14/6e6778b7-a064-4c96-82ca-a29d9aff15a7.jpg
4,CJGY2064580,2406200640451621700,2507140610101617217,2025-06-08T17:41:35+08:00,3,UA,H***e,"Йшла посилка 2 тижні. Не можу сказати, що охолоджуючий, але не так швидко нагрівається як звичайна ковдра. Без гелю усередині, просто синтетична тканина.


Came in two weeks. I can't say it's cooling, it just heats up slower than a regular blanket. No cooling gel inside, just a synthetic cloth.",
4,CJGY2064580,2406200640451621700,2507140609141614714,2025-06-08T17:11:16+08:00,5,MX,N***v,me equivoqué de medida le quedó chico pero ya ni modo,https://cc-west-usa.oss-us-west-1.aliyuncs.com/comment/additional/0001/image/2025-07-14/ce51313a-a8a9-4a65-9f05-a23f5bd52497.jpg
4,CJGY2064580,2406200640451621700,2507140610421619411,2025-06-08T16:51:23+08:00,1,FR,P***x,Bien reçu l’article . Je ne vois pas en quoi ce tapis est réfrigérant . Mon chien a même chaud la nuit . Déçue ,
4,CJGY2064580,2406200640451621700,2507140610141615907,2025-06-08T16:20:23+08:00,3,UA,C***m,Обычный коврик ,
4,CJGY2064580,2406200640451621700,2507140608541610000,2025-06-08T11:49:34+08:00,5,UA,J***v,Все ок,
4,CJGY2064580,2406200640451621700,2507140610101617213,2025-06-08T09:02:57+08:00,3,ES,V***r,No es tan frío como creía ,
4,CJGY2064580,2406200640451621700,2507140610101617214,2025-06-08T08:14:44+08:00,3,UA,W***a,Обычный коврик ,
4,CJGY2064580,2406200640451621700,2507140609081614101,2025-06-08T06:21:58+08:00,5,UA,L***o,"The product is good, arrived on time and is cool to the touch. 
My cat personally doesn't like it and prefers the floor, but it's not really something you can guess.",
4,CJGY2064580,2406200640451621700,2507140609281614203,2025-06-07T22:19:03+08:00,5,FR,L***w,"Ok
merci
conforme",
4,CJGY2064580,2406200640451621700,2507140609081614001,2025-06-07T15:21:20+08:00,5,CH,T***p,L' article est tout à fait conforme à la description du site et de plus est arrivé très vite. testé et essayé par mon chien qui l' a approuvé directement.,https://cc-west-usa.oss-us-west-1.aliyuncs.com/comment/additional/0001/image/2025-07-14/6772a818-c679-44c0-8f8a-3be4d6425f2f.jpg
4,CJGY2064580,2406200640451621700,2507140609031615700,2025-06-07T04:25:36+08:00,5,CH,Z***o,L' article est tout à fait conforme à la description du site et de plus est arrivé très vite. testé et essayé par mon chien qui l' a approuvé directement.,https://cc-west-usa.oss-us-west-1.aliyuncs.com/comment/additional/0001/image/2025-07-14/1b5b63c4-f844-4ef5-a7ea-2b4d4b91394c.jpg
4,CJGY2064580,2406200640451621700,2507140609281614103,2025-06-07T04:08:45+08:00,5,ES,K***s,muy rapido,
4,CJGY2064580,2406200640451621700,2507140608581618702,2025-06-06T21:29:59+08:00,5,ES,Z***q,Según lo descrito ,
4,CJGY2064580,2406200640451621700,2507140609211613208,2025-06-06T15:21:25+08:00,5,MX,B***j,"El tapete se siente fresco, mi perro chihuahua aprueba el producto",https://cc-west-usa.oss-us-west-1.aliyuncs.com/comment/additional/0001/image/2025-07-14/7108f8fe-f579-4f66-aa5e-34d2e52144ca.jpg|https://cc-west-usa.oss-us-west-1.aliyuncs.com/comment/additional/0001/image/2025-07-14/b85cb1e6-0b41-4989-a3fa-9abf13843e34.jpg
4,CJGY2064580,2406200640451621700,2507140609281614107,2025-06-06T13:06:52+08:00,5,IL,Y***x,Excellent!,
4,CJGY2064580,2406200640451621700,2507140609471610201,2025-06-06T11:50:23+08:00,5,UA,J***v,Зацінив в жару ,https://cc-west-usa.oss-us-west-1.aliyuncs.com/comment/additional/0001/image/2025-07-14/5c118e8f-c79c-434e-844a-ad87eebdb252.jpg
4,CJGY2064580,2406200640451621700,2507140609211613211,2025-06-06T08:29:04+08:00,5,KR,B***u,"튼튼합니다 
잘쓰겠습니다",
4,CJGY2064580,2406200640451621700,2507140609081614104,2025-06-06T03:49:45+08:00,5,IL,M***t,отличный летний коврик.собака довольна,
4,CJGY2064580,2406200640451621700,2507140609341611904,2025-06-06T03:31:21+08:00,5,MX,C***k,Les encanta a mis perritos! Supongo que está muy fresco. Igualito a la imagen. ,https://cc-west-usa.oss-us-west-1.aliyuncs.com/comment/additional/0001/image/2025-07-14/cfb3ece7-71e2-4f7c-bc7e-b96629ba4ad0.jpg
4,CJGY2064580,2406200640451621700,2507140609141614701,2025-06-05T15:43:33+08:00,5,FR,G***n,ok,
4,CJGY2064580,2406200640451621700,2507140608581618710,2025-06-05T15:08:17+08:00,5,IL,O***w,וואו הכלבה עפה על זה,
4,CJGY2064580,2406200640451621700,2507140609341611901,2025-06-05T13:11:19+08:00,5,FR,E***k,ok,
4,CJGY2064580,2406200640451621700,2507140609411615807,2025-06-05T06:48:16+08:00,5,ES,H***e,"Tal y como se describe. Me parece muy bonito, aunque mi perrita ya lo ha roto. Gracias!!!",https://cc-west-usa.oss-us-west-1.aliyuncs.com/comment/additional/0001/image/2025-07-14/61952108-ad54-4bf8-a2b3-9871130467f2.jpg
4,CJGY2064580,2406200640451621700,2507140609591616414,2025-06-05T01:44:51+08:00,4,UA,W***v,"Килимок дуже гарний , добре зроблений .Но я так і не зрозуміла чим він так сильно охолоджує.Тканина приемна ,нагадує шовк чи атлас ,тому відчуття що воно прохолодне .Коли кладемо руку ,то воно не охолоджує ,А гріє як і будь що .Но виглядає гарненько, гарний колір.",
4,CJGY2064580,2406200640451621700,2507140608581619000,2025-06-05T00:21:24+08:00,5,ES,B***i,Excellent! Fast shipping and good product.,
4,CJGY2064580,2406200640451621700,2507140609341611912,2025-06-04T22:51:47+08:00,5,MX,I***u,Muy bien ,https://cc-west-usa.oss-us-west-1.aliyuncs.com/comment/additional/0001/image/2025-07-14/fc4337ea-2896-4404-b16d-67563d935cdd.jpg|https://cc-west-usa.oss-us-west-1.aliyuncs.com/comment/additional/0001/image/2025-07-14/4a19480f-1fb7-4fbe-a1f2-418aa5939e3b.jpg|https://cc-west-usa.oss-us-west-1.aliyuncs.com/comment/additional/0001/image/2025-07-14/2a031851-f417-47c3-bdbb-e7d8475526bb.jpg|https://cc-west-usa.oss-us-west-1.aliyuncs.com/comment/additional/0001/image/2025-07-14/230d1f74-e31e-4a4f-a3f9-7e15095f3e81.jpg|https://cc-west-usa.oss-us-west-1.aliyuncs.com/comment/additional/0001/image/2025-07-14/a87acb2a-e170-43d6-af38-b525709542b6.jpg
4,CJGY2064580,2406200640451621700,2507140610141615909,2025-06-04T20:11:07+08:00,3,ES,I***f,Unfortunately it is not cooling anything ,
4,CJGY2064580,2406200640451621700,2507140609211613203,2025-06-04T17:42:32+08:00,5,BR,V***t,"Excelente compra! Fui muito bem atendido e os pacotes chegaram perfeitamente. Os tapetes são muito bem acabados, bonitos e cumprem o que prometem, são gelados. Recomendado!!!",https://cc-west-usa.oss-us-west-1.aliyuncs.com/comment/additional/0001/image/2025-07-14/4684c38e-f858-4b9d-8869-840d8b9bf1d8.jpg|https://cc-west-usa.oss-us-west-1.aliyuncs.com/comment/additional/0001/image/2025-07-14/e8e932e7-4119-4d3d-9076-c4c25eb00a9c.jpg
4,CJGY2064580,2406200640451621700,2507140609081614113,2025-06-04T11:51:53+08:00,5,UA,N***d,хороша якість,
4,CJGY2064580,2406200640451621700,2507140608581618708,2025-06-04T05:07:43+08:00,5,KR,X***x,M사이즈랑 L 사이즈 하나씩 구매했어요 전에 사용하던 겔 쿨매트는 오래써서 급한대로 샀는데 완전 만족… 무슨 원리인지는 모르겠으나 진짜 시원해요,
4,CJGY2064580,2406200640451621700,2507140609591616405,2025-06-04T02:08:42+08:00,4,UA,L***r,"классный, пришло быстро, ну конечно она чичуть порвано, ну нормально",
4,CJGY2064580,2406200640451621700,2507140610421619413,2025-06-03T19:53:18+08:00,1,PL,N***g,not what i ordered,
4,CJGY2064580,2406200640451621700,2507140609341611900,2025-06-03T19:49:24+08:00,5,CO,G***q,"Es muy bueno y es fresco para la mascota, mi gato le encanta",https://cc-west-usa.oss-us-west-1.aliyuncs.com/comment/additional/0001/image/2025-07-14/850d42f6-923a-4a99-b710-1159cbfd5739.jpg
4,CJGY2064580,2406200640451621700,2507140609591616409,2025-06-03T06:40:18+08:00,4,ES,T***x,El tejido me ha gustado es fresquito y tiene pinta de ser fuerte,
4,CJGY2064580,2406200640451621700,2507140609591616401,2025-06-03T06:16:26+08:00,4,MX,I***z,excelente producto es como se ve en las imágenes. Llego rápido gracias,
4,CJGY2064580,2406200640451621700,2507140609471610210,2025-06-03T01:40:01+08:00,5,UK,G***u,good quality item,
4,CJGY2064580,2406200640451621700,2507140609281614100,2025-06-02T09:48:13+08:00,5,CH,X***v,"Pratique et léger, au top.",
4,CJGY2064580,2406200640451621700,2507140609411615803,2025-06-02T02:43:28+08:00,5,MX,H***d,"el material es super fresco justo como se describe, medidas adecuadas a la descripción, para los dias calurosos es de mucha ayuda",
4,CJGY2064580,2406200640451621700,2507140609281614204,2025-06-01T23:20:33+08:00,5,DE,T***z,"Schöne Decke, die ich für heiße Sommer angeschafft habe, denn dann wird es sogar meinen Miezekatzen schon mal zu warm. Ob die Decke so funktioniert wie sie soll wird sich zeigen. Ich habe aber schon ähnliche Decken erworben und die halten meine Fellbabies tatsächlich kühl. Preis war im Vergleich zu früheren Käufen günstig. Qualität ist gut und geliefert wurde pünktlich! Eine positive Kauferfahrung 😃",https://cc-west-usa.oss-us-west-1.aliyuncs.com/comment/additional/0001/image/2025-07-14/fc23aa29-69c2-4823-ac59-f5f06afde1ad.jpg|https://cc-west-usa.oss-us-west-1.aliyuncs.com/comment/additional/0001/image/2025-07-14/70d3e29f-8217-4ec0-ad5d-5e055efd329c.jpg|https://cc-west-usa.oss-us-west-1.aliyuncs.com/comment/additional/0001/image/2025-07-14/7e24f16f-72d4-492f-975f-687ac95e6c05.jpg
4,CJGY2064580,2406200640451621700,2507140609141614715,2025-06-01T04:10:40+08:00,5,BG,P***b,"Review of a Gray Dog Mat: A Blend of Comfort, Functionality, and Aesthetic Design

In recent years, pet ownership has transcended the traditional boundaries of care and responsibility. Dogs, in particular, have become integral members of the family, deserving the same attention to comfort and well-being as their human companions. As a result, the demand for high-quality pet products, including dog mats, has significantly increased. In this review, I evaluate a gray dog mat that I purchased for my medium-sized dog, examining its design, material quality, functionality, and overall user experience. This comprehensive assessment provides insights into its practical use and whether it truly lives up to the expectations of modern pet owners.

At first glance, the gray dog mat presents a minimalist yet sophisticated appearance. The gray color is a versatile choice that complements most modern home interiors, ranging from Scandinavian-style apartments to rustic cottages. Materials and Build Q",
4,CJGY2064580,2406200640451621700,2507140609141614708,2025-05-31T23:19:52+08:00,5,MX,I***y,"Excelente calidad ! Recomiendo mucuhismo , impresionante qowwww !!!!!!!!!!!!! Recomiendo total !!!!!  ",https://cc-west-usa.oss-us-west-1.aliyuncs.com/comment/additional/0001/image/2025-07-14/ec66da1b-a284-4da4-a3a1-4119b6f3121e.jpg
4,CJGY2064580,2406200640451621700,2507140610141615800,2025-05-31T20:50:04+08:00,3,MX,A***o,una simple manta no le veo nada novedoso,
4,CJGY2064580,2406200640451621700,2507140609211613209,2025-05-31T19:52:59+08:00,5,MX,F***m,espero que le guste a mi gato,
4,CJGY2064580,2406200640451621700,2507140609211613202,2025-05-31T18:15:07+08:00,5,MX,Z***b,"Excelente calidad ! Recomiendo mucuhismo , impresionante qowwww !!!!!!!!!!!!! Recomiendo total !!!!!  ",https://cc-west-usa.oss-us-west-1.aliyuncs.com/comment/additional/0001/image/2025-07-14/04776836-dcc2-4b58-97c2-70a285c94b69.jpg
4,CJGY2064580,2406200640451621700,2507140609471610200,2025-05-31T11:28:01+08:00,5,MX,G***u,todo bien se ve grueso de buena calidad,https://cc-west-usa.oss-us-west-1.aliyuncs.com/comment/additional/0001/image/2025-07-14/5b7028a1-6986-44fd-8a1d-2d2e6f863f0b.jpg
4,CJGY2064580,2406200640451621700,2507140610421619408,2025-05-30T22:50:28+08:00,1,ES,U***p,"No lo recomiendo, la medida no coincide , no le vale ni a una cobaya. Una vergüenza de producto. Un trapo tiene mejor tela que este producto. ",
4,CJGY2064580,2406200640451621700,2507140610141615903,2025-05-30T13:51:39+08:00,3,ES,K***n,замовила маленький розмір😭,
4,CJGY2064580,2406200640451621700,2507140609411615700,2025-05-30T09:14:02+08:00,5,MX,L***r,Bueno mi perrito lo acaba de usar como tapete de baño :( asi que si sus perritos son como el mio no creo que lo usen para dormir en el ,https://cc-west-usa.oss-us-west-1.aliyuncs.com/comment/additional/0001/image/2025-07-14/6d56b3fe-e323-48e6-8362-e5400891a472.jpg|https://cc-west-usa.oss-us-west-1.aliyuncs.com/comment/additional/0001/image/2025-07-14/5394ea59-4b9f-4bda-9f62-1ad8a07c0eb1.jpg|https://cc-west-usa.oss-us-west-1.aliyuncs.com/comment/additional/0001/image/2025-07-14/f282d90c-c970-451a-be7c-47821c638a4a.jpg|https://cc-west-usa.oss-us-west-1.aliyuncs.com/comment/additional/0001/image/2025-07-14/9c4846bf-4d7c-4a31-a203-134f83e82f2c.jpg|https://cc-west-usa.oss-us-west-1.aliyuncs.com/comment/additional/0001/image/2025-07-14/1f4b3f9b-cc97-4d15-acb4-5f0d8e8f5199.jpg
4,CJGY2064580,2406200640451621700,2507140609281614202,2025-05-29T02:37:46+08:00,5,US,X***t,"These are great! Before even opening them out of the wrapper, you can feel that they’re cool to the touch. Highly, highly recommend!",https://cc-west-usa.oss-us-west-1.aliyuncs.com/comment/additional/0001/image/2025-07-14/8f91989b-33db-4787-9c28-a36868d90b1f.jpg
4,CJGY2064580,2406200640451621700,2507140609081614109,2025-05-28T15:04:28+08:00,5,MX,O***n,"es muy suave, le gustó mucho",
4,CJGY2064580,2406200640451621700,2507140610141615910,2025-05-28T14:31:29+08:00,3,ES,U***l,Cogí talla equivocada,
4,CJGY2064580,2406200640451621700,2507140610101617219,2025-05-27T16:03:15+08:00,3,DE,R***s,szybka dostawa ale co do jakość mam zastrzeżeńie żeby tak chodziło,
4,CJGY2064580,2406200640451621700,2507140609541613200,2025-05-27T12:50:34+08:00,5,US,H***d,Trop génial et vraiment frais. Je recommande vivement pour chien et chat,https://cc-west-usa.oss-us-west-1.aliyuncs.com/comment/additional/0001/image/2025-07-14/af581ae2-4677-436c-90e1-c3a70c41127f.jpg
4,CJGY2064580,2406200640451621700,2507140609341611911,2025-05-27T04:47:26+08:00,5,US,O***w,Vraiment frais mon chien adoré !! Et moi aussi très bon rapport qualité prix je recommande,https://cc-west-usa.oss-us-west-1.aliyuncs.com/comment/additional/0001/image/2025-07-14/1eee2232-b59f-4928-8026-662f2007d4ef.jpg
4,CJGY2064580,2406200640451621700,2507140609141614800,2025-05-26T18:14:29+08:00,5,IL,O***j,"спасибо, доставка быстрая,собака ещё не видела 😁",
4,CJGY2064580,2406200640451621700,2507140609211613204,2025-05-26T09:34:54+08:00,5,ES,A***r,"es pequeñita para un perro de 7kg, pero se ven frescas. Debería a verlas pedido un poco más grandes.",https://cc-west-usa.oss-us-west-1.aliyuncs.com/comment/additional/0001/image/2025-07-14/f49ea9e2-f99c-4093-86c5-3614ee45bb64.jpg|https://cc-west-usa.oss-us-west-1.aliyuncs.com/comment/additional/0001/image/2025-07-14/70ea227e-5211-4791-9b45-7af6ace9066f.jpg|https://cc-west-usa.oss-us-west-1.aliyuncs.com/comment/additional/0001/image/2025-07-14/08279dc0-b8eb-4c00-a086-9e220857bea6.jpg
4,CJGY2064580,2406200640451621700,2507140610421619407,2025-05-26T00:52:51+08:00,1,FR,V***c,"Je n'ai rien reçu alors que j'ai commandé 2 grands tapis. 
J'ai peur d'avoir perdu presque 40€ et je suis vraiment profondément choquée ! J'espère que le problème sera réglé au plus vite !!!
Je ne peux pas décrire l'article puisque je ne l'ai pas reçu !",
4,CJGY2064580,2406200640451621700,2507140609081614111,2025-05-25T10:04:05+08:00,5,UK,O***u,"i dont get how its cold but it is. Its perfect for a hot day out, my dog likes it, its cool and helpful",
4,CJGY2064580,2406200640451621700,2507140609141614705,2025-05-25T01:58:12+08:00,5,KR,F***k,아주좋습니다 제품 이상없고 딱이네요 강추드립니다!!,
4,CJGY2064580,2406200640451621700,2507140609341611903,2025-05-24T18:10:08+08:00,5,UA,P***d,"как на картинке,но в следущий нужно заказать по-больше.Очень быстрая доставка",
4,CJGY2064580,2406200640451621700,2507140609281614205,2025-05-24T00:31:16+08:00,5,IL,Y***e,זה באמת קריר,
4,CJGY2064580,2406200640451621700,2507140609471610209,2025-05-23T23:45:40+08:00,5,US,I***k,very good,
4,CJGY2064580,2406200640451621700,2507140609591616416,2025-05-23T06:08:29+08:00,4,UA,X***x,дякую все підійшло,
4,CJGY2064580,2406200640451621700,2507140610421619418,2025-05-23T05:43:27+08:00,1,ES,O***h,bueno eso de fresquito nada .una manta normal y corriente.fina si .pero una simple mantita .nada de que refresque a mi perro,
4,CJGY2064580,2406200640451621700,2507140609341611918,2025-05-23T03:34:33+08:00,5,ES,M***o,perfecto,
4,CJGY2064580,2406200640451621700,2507140610351617615,2025-05-22T09:42:39+08:00,2,IL,B***s,"it's true to size and good material, but it doesn't have a purpose it is not cooling as it said. It's  a regular mat !!",
4,CJGY2064580,2406200640451621700,2507140609411615811,2025-05-21T23:50:06+08:00,5,NL,S***s,Didn't expect so much cooling. very good.,
4,CJGY2064580,2406200640451621700,2507140609031615710,2025-05-21T03:19:31+08:00,5,CH,R***f,Perfect size and does the job. 10/10,
4,CJGY2064580,2406200640451621700,2507140609591616410,2025-05-17T13:50:29+08:00,4,US,S***l,Good but should have bought a bigger size for my cat,
4,CJGY2064580,2406200640451621700,2507140609031615712,2025-05-16T14:10:29+08:00,5,UK,F***y,"True to size, as described, exactly what I wanted.",
4,CJGY2064580,2406200640451621700,2507140609211613212,2025-05-16T14:02:35+08:00,5,FR,E***u,Exactamente lo que necesitábamos para nuestro perro. ,
4,CJGY2064580,2406200640451621700,2507140609591616400,2025-05-16T02:58:17+08:00,4,LV,N***l,пришла быстро. Не полные две недели. Тавар отлеживалсья все время. посмотрим как будет на деле. Спасиба продабцу.,https://cc-west-usa.oss-us-west-1.aliyuncs.com/comment/additional/0001/image/2025-07-14/82a4e99f-f620-4f47-9afe-7773358e6b35.jpg
4,CJGY2064580,2406200640451621700,2507140609341611910,2025-05-15T03:37:38+08:00,5,UK,A***p,It is okay but it looses it coolness very quickly in the heat after refrigeration. Make sure to let your cat rub himself against it before you refrigerate to use it as they may have a hard time feeling comfortable on it.,
4,CJGY2064580,2406200640451621700,2507140609141614710,2025-05-14T08:09:33+08:00,5,UA,P***l,"Гарний килимок , точно холодить . Собака ще не лежала , розмір ідеальний для французького бульдога!!",https://cc-west-usa.oss-us-west-1.aliyuncs.com/comment/additional/0001/image/2025-07-14/810cff1b-5e72-4fd1-8706-4f65a59530ec.jpg
4,CJGY2064580,2406200640451621700,2507140609211613215,2025-05-13T15:51:59+08:00,5,KR,N***i,시원합니다,
4,CJGY2064580,2406200640451621700,2507140609571614905,2025-05-13T11:22:22+08:00,4,IT,J***b,Buon articolo ma non credevo cosi piccolo va be e per un gatto o un cane di piccola taglia,
4,CJGY2064580,2406200640451621700,2507140609341611905,2025-05-13T11:17:36+08:00,5,IL,A***z,מגניב ממש. זה באמת מקרר,
4,CJGY2064580,2406200640451621700,2507140609031615714,2025-05-13T08:40:18+08:00,5,CZ,Q***z,Perfect!,
4,CJGY2064580,2406200640451621700,2507140608581618800,2025-05-13T02:29:04+08:00,5,IL,N***p,GREAT PRODUCT!! better than expected,
4,CJGY2064580,2406200640451621700,2507140609141614712,2025-05-12T23:06:44+08:00,5,IT,E***m,tappetino per cani ben fatto vediamo se d'estate rinfresca un po il cane per non patire materiale lavabile in lavatrice,
4,CJGY2064580,2406200640451621700,2507140610421619414,2025-05-12T19:10:01+08:00,1,IL,R***r,Not necessarily ,
4,CJGY2064580,2406200640451621700,2507140609591616406,2025-05-12T08:40:44+08:00,4,ES,Q***f,no tiene pinta de mantener el frió pero bueno,
4,CJGY2064580,2406200640451621700,2507140609281614105,2025-05-11T19:01:03+08:00,5,ES,T***f,"perfecto como en la foto y realmente es muy fresquito, lo volvería a comprar. me ha encantado",https://cc-west-usa.oss-us-west-1.aliyuncs.com/comment/additional/0001/image/2025-07-14/f67a25c1-d9a2-4a00-b0ff-51c92cb0fdb0.jpg
4,CJGY2064580,2406200640451621700,2507140610141615908,2025-05-11T17:04:38+08:00,3,KR,V***w,"joy, joy, joy, joy, joy, joy, joy, joy, joy, joy, joy, joy, joy, joy, joy, joy, joy, joy, joy",
4,CJGY2064580,2406200640451621700,2507140610141615912,2025-05-10T22:35:55+08:00,3,DE,F***e,Gibt bessere ,
4,CJGY2064580,2406200640451621700,2507140609211613206,2025-05-10T17:55:00+08:00,5,KR,S***t,차가워도 얼마나 차갑겠어 라고 생각하고 구매했는데 예상외로 정말 시원했습니다! 덕분에 올 여름 저희 집 강아지가 조금은 덜 덥게 보낼 수 있게 된 것 같습니다 아직은 쌀쌀한 날씨라 강아지에게 주기 좀 그렇지만 장마철이 지난다면 강아지에게 꼭 선물하겠습니다 좋은 제품 저렴하게 판매해주셔서 너무 감사드립니다,
4,CJGY2064580,2406200640451621700,2507140609471610211,2025-05-10T06:33:19+08:00,5,MX,K***w,It just arrive 5 min ago. And I think it works because mi dog seems to like it. I really recommend it.,https://cc-west-usa.oss-us-west-1.aliyuncs.com/comment/additional/0001/image/2025-07-14/7db153bc-b8df-4aff-8359-c7c6c14c133d.jpg
4,CJGY2064580,2406200640451621700,2507140610141615906,2025-05-10T05:40:19+08:00,3,UK,A***y,"these cooling mats are value for money.  slightly cool
these cooling mats are value for money.  slightly cool",https://cc-west-usa.oss-us-west-1.aliyuncs.com/comment/additional/0001/image/2025-07-14/015f2b5d-52a6-4613-9003-dcad85730868.jpg
4,CJGY2064580,2406200640451621700,2507140610141615902,2025-05-10T00:11:09+08:00,3,UK,N***f,these cooling mats are value for money.  slightly coolthese cooling mats are value for money.  slightly cool,https://cc-west-usa.oss-us-west-1.aliyuncs.com/comment/additional/0001/image/2025-07-14/8d686e0d-a587-4a91-9f2e-984f1569e956.jpg
4,CJGY2064580,2406200640451621700,2507140609031615702,2025-05-09T13:43:40+08:00,5,NL,B***x,Mega fast shipment! Nice product! Very good quality! Works perfect! Thank you! A++++ Seller!,
4,CJGY2064580,2406200640451621700,2507140609081614002,2025-05-08T13:04:56+08:00,5,ES,P***r,"buena calidad, algo pequeña para mis mascotas",https://cc-west-usa.oss-us-west-1.aliyuncs.com/comment/additional/0001/image/2025-07-14/2cd4dc49-8a62-4d7b-a311-9050114eee03.jpg
4,CJGY2064580,2406200640451621700,2507140609081614000,2025-05-08T10:12:38+08:00,5,ES,K***p,"buena calidad , algo pequeño para mí mascota",https://cc-west-usa.oss-us-west-1.aliyuncs.com/comment/additional/0001/image/2025-07-14/82be292c-fcc5-47f1-a58a-7d5d77e883de.jpg
4,CJGY2064580,2406200640451621700,2507140609281614200,2025-05-08T04:38:01+08:00,5,ES,C***p,"Cumple su función, recomendable bien producto y llega en la fecha indicada",https://cc-west-usa.oss-us-west-1.aliyuncs.com/comment/additional/0001/image/2025-07-14/161aa15a-4028-4f89-8025-176892def041.jpg
4,CJGY2064580,2406200640451621700,2507140610421619412,2025-05-07T00:45:16+08:00,1,AU,L***k,rubbish tiny little matt,
4,CJGY2064580,2406200640451621700,2507140609341611909,2025-05-06T02:50:08+08:00,5,UA,L***q,коврик с охлаждающим эфектом. холодно сейчас. коты не оценили,https://cc-west-usa.oss-us-west-1.aliyuncs.com/comment/additional/0001/image/2025-07-14/4a59db37-f760-43ce-967c-02d90dc0be48.jpg
4,CJGY2064580,2406200640451621700,2507140609341611907,2025-05-06T00:25:55+08:00,5,MX,U***n,Bueno,https://cc-west-usa.oss-us-west-1.aliyuncs.com/comment/additional/0001/image/2025-07-14/0b44c7e5-0a4b-4f16-bf7a-4d4cab13c38c.jpg
4,CJGY2064580,2406200640451621700,2507140609341611913,2025-05-05T12:51:14+08:00,5,FR,I***e,C’est vraiment frais ,
4,CJGY2064580,2406200640451621700,2507140609081614114,2025-05-05T07:47:30+08:00,5,DE,S***m,"Muy fresca, a mi gata el encanta ",https://cc-west-usa.oss-us-west-1.aliyuncs.com/comment/additional/0001/image/2025-07-14/2de2cf1c-2664-4fd3-9507-e8aa403d2007.jpg
4,CJGY2064580,2406200640451621700,2507140608581618709,2025-05-04T08:49:14+08:00,5,KR,C***g,"매트가 굉장히 시원합니다.

보는 것으로는 그 시원함이 전해지지 않는데, 막상 사용해보면 시원하니 좋습니다.

크기도 각양각색으로 선택해서 구매할 수 있는데, 필요한 크기 맞춰서 사용ㅈ사면 좋을 것 같습니다~",
4,CJGY2064580,2406200640451621700,2507140610141615901,2025-05-04T01:28:12+08:00,3,ES,E***v,"Muy fina para mi gusto, y realmente lo fresquito está dentro de los círculos. Ni fu ni fa ",
4,CJGY2064580,2406200640451621700,2507140609411615900,2025-05-01T22:01:31+08:00,5,US,F***p,Works wonders for my dog during the summer outside. Kept his body cool.,
4,CJGY2064580,2406200640451621700,2507140609571614907,2025-05-01T14:18:11+08:00,4,CH,S***o,"Tolle Matte, fühlt sich kühl an, noch nicht ausprobiert. ",
4,CJGY2064580,2406200640451621700,2507140609411615901,2025-05-01T07:00:44+08:00,5,UK,Y***p,"Cool to the touch, not sure how much my bunny likes it tho 😅",
4,CJGY2064580,2406200640451621700,2507140609411615804,2025-04-30T22:24:29+08:00,5,BR,Y***n,"muito bom, qualidade boa",
4,CJGY2064580,2406200640451621700,2507140609341611902,2025-04-30T14:53:08+08:00,5,PL,O***d,super,
4,CJGY2064580,2406200640451621700,2507140609141614713,2025-04-30T09:45:54+08:00,5,BR,L***j,"muito bom, vale a pena",
4,CJGY2064580,2406200640451621700,2507140609471610208,2025-04-29T07:29:36+08:00,5,PL,W***n,"Jest ok , polecam ",https://cc-west-usa.oss-us-west-1.aliyuncs.com/comment/additional/0001/image/2025-07-14/ac8beb0a-cee2-4271-9e57-90afda1aedda.jpg
4,CJGY2064580,2406200640451621700,2507140609141614707,2025-04-28T15:47:21+08:00,5,FR,D***y,il est vrai qu'en touchant le tapis il y a une sensation de fraîcheur. à voir dans la durée,
4,CJGY2064580,2406200640451621700,2507140609591616403,2025-04-27T09:36:17+08:00,4,FR,T***b,"Je n’ai pas bien fait attention en Mesures, je me suis fié à l’image et déception, le tapis et minuscule",
4,CJGY2064580,2406200640451621700,2507140608581618703,2025-04-26T20:27:01+08:00,5,PL,Q***d,That works very well. My dog loves it!,
4,CJGY2064580,2406200640451621700,2507140610351617613,2025-04-25T13:20:29+08:00,2,BR,X***g,Sinceramente não compraria de novo. é um tapete. veio rápido e a entrega foi otima,https://cc-west-usa.oss-us-west-1.aliyuncs.com/comment/additional/0001/image/2025-07-14/f898c465-c68a-48ef-9ed8-9084c8032086.jpg
4,CJGY2064580,2406200640451621700,2507140609411615808,2025-04-24T07:16:21+08:00,5,US,H***w,I haven't tried it yet but the quality and the size material are all great.,
4,CJGY2064580,2406200640451621700,2507140609281614102,2025-04-24T03:53:58+08:00,5,PL,G***b,Materiał dobrej jakości. Po dotknięciu czuć że jedna strona jest chłodniejsza.,https://cc-west-usa.oss-us-west-1.aliyuncs.com/comment/additional/0001/image/2025-07-14/0495ba4d-43d7-4872-87a6-f138198d3a1f.jpg|https://cc-west-usa.oss-us-west-1.aliyuncs.com/comment/additional/0001/image/2025-07-14/06af25d8-60cd-40a9-8efd-1224284a2276.jpg|https://cc-west-usa.oss-us-west-1.aliyuncs.com/comment/additional/0001/image/2025-07-14/cb58cdf1-3c07-4f4c-9716-8373a763d7d2.jpg
4,CJGY2064580,2406200640451621700,2507140609341611916,2025-04-23T04:22:29+08:00,5,ES,G***a,muy bonito,
4,CJGY2064580,2406200640451621700,2507140609341611914,2025-04-20T03:25:35+08:00,5,OM,N***t,Good,
4,CJGY2064580,2406200640451621700,2507140609211613205,2025-04-19T20:28:29+08:00,5,UA,W***q,доставка быстрая.,
4,CJGY2064580,2406200640451621700,2507140608541610003,2025-04-19T01:51:25+08:00,5,PK,Z***x,"it's really cool to the feel, good product!",https://cc-west-usa.oss-us-west-1.aliyuncs.com/comment/additional/0001/image/2025-07-14/2a5b57d7-6159-49e3-823e-15d1b58419df.jpg
4,CJGY2064580,2406200640451621700,2507140609211613201,2025-04-18T11:30:02+08:00,5,KR,S***n,"강아지들 쿨링 패드가 필요해서 사게 됐는데, 저렴하게 잘 산 것 같습니다.

온도도 시원해서 쿨링도 우수하고 무엇보다 부담 없는 가격대로 사용할 수 있게 된 점이 아주 좋습니다.

다음에 더 큰 사이즈로 구매할 예정입니다.",https://cc-west-usa.oss-us-west-1.aliyuncs.com/comment/additional/0001/image/2025-07-14/325e7f38-b8e3-4492-b9b8-ace38f1312e0.jpg
4,CJGY2064580,2406200640451621700,2507140610421619410,2025-04-18T09:47:36+08:00,1,PA,Z***q,"De térmica no tiene nada, el calor del ambiente es lo único que emite, calidad de los materiales muy buenos, pero el motivo de la compra era por térmica y no lo es",
4,CJGY2064580,2406200640451621700,2507140609471610303,2025-04-18T06:00:35+08:00,5,BR,J***h,"produto veio bem embalado, meus gatos adoraram. produto aparentemente dura bem, ainda não apresentou problema. já comprei um maior",
4,CJGY2064580,2406200640451621700,2507140609211613301,2025-04-18T00:18:42+08:00,5,PE,R***e,"Vino correctamente doblado en una bolsa, a mi gata le encanta, tendré que pedir otro más grande porque juega con la cama y la deforma, solo me gustaría que la cama quede más pegada al suelo",https://cc-west-usa.oss-us-west-1.aliyuncs.com/comment/additional/0001/image/2025-07-14/34ab1558-2d12-4c56-b4e3-5395383a56a3.jpg|https://cc-west-usa.oss-us-west-1.aliyuncs.com/comment/additional/0001/image/2025-07-14/bc2f98e6-9452-46c2-abde-dfa54bc4cc02.jpg|https://cc-west-usa.oss-us-west-1.aliyuncs.com/comment/additional/0001/image/2025-07-14/ef35ffe8-545c-4abf-bf60-03dcefa3f217.jpg
4,CJGY2064580,2406200640451621700,2507140609281614206,2025-04-16T14:52:36+08:00,5,PL,D***f,ok,
4,CJGY2064580,2406200640451621700,2507140610431618601,2025-04-16T14:31:53+08:00,1,PT,J***u,"Fraca qualidade, muito fino e escorregadio. Não recomendo!",
4,CJGY2064580,2406200640451621700,2507140610431618602,2025-04-15T00:57:18+08:00,1,BR,R***g,It's the thinnest mat I've ever seen. It's just the same as laying down on the floor itself. It cools absolutely nothing. Bad purchase. Don't recommend.,
4,CJGY2064580,2406200640451621700,2507140610421619417,2025-04-10T10:19:43+08:00,1,UA,D***h,"Это просто коврик, не ждите прохлады от него",
4,CJGY2064580,2406200640451621700,2507140609471610213,2025-04-09T19:55:12+08:00,5,HR,K***g,Ок,
4,CJGY2064580,2406200640451621700,2507140609081614106,2025-04-09T09:03:38+08:00,5,MX,G***q,Se siente frío. Bonita rosa ,
4,CJGY2064580,2406200640451621700,2507140609591616407,2025-04-07T23:40:34+08:00,4,UA,E***f,"Це просто килимок, приємний на дотик. Ідеально підходить для котячої переноски. Не розумію, чому він охолоджуючий.",
4,CJGY2064580,2406200640451621700,2507140609031615715,2025-04-07T22:21:24+08:00,5,PL,V***i,very lightweight and quickly dries so perfect for a pup,
4,CJGY2064580,2406200640451621700,2507140609211613214,2025-04-07T05:17:29+08:00,5,UA,X***e,"соответствует заявленого фото,проверим на качество летом",
4,CJGY2064580,2406200640451621700,2507140609031615713,2025-04-05T23:56:28+08:00,5,MX,T***d,excelente producto es la segunda vez que lo compró se mantiene fresco,
4,CJGY2064580,2406200640451621700,2507140609031615705,2025-04-05T19:49:04+08:00,5,MX,Q***p,excelente calidad lo recomiendo es la segunda vez que compro,
4,CJGY2064580,2406200640451621700,2507140608581618712,2025-04-05T01:43:44+08:00,5,UA,L***g,"розмір відповідає, на дотик холодний",https://cc-west-usa.oss-us-west-1.aliyuncs.com/comment/additional/0001/image/2025-07-14/e8a06cbd-1dee-49d3-917c-d8da4ad7e5cf.jpg
4,CJGY2064580,2406200640451621700,2507140609471610202,2025-04-04T18:08:24+08:00,5,UA,K***a,"Все пришло, хорошо запаковано, только непонятно как оно охлаждать будет",
4,CJGY2064580,2406200640451621700,2507140610351617614,2025-04-03T08:17:18+08:00,2,UA,N***i,"Якщо ви очікуєте що ця тканина буде спасінням в спеку для ваших улюбленців, то ви помиляєтесь, тканина ніби справді прохолодна але це якщо просто потрогати, якщо покласти руку і потримати трошки то тканина одразу нагрівається🥲",
4,CJGY2064580,2406200640451621700,2507140609411615801,2025-04-03T04:30:56+08:00,5,UA,Y***u,"Коврик реально прохолодний. Ще не використовували, бо тільки початок весни. Коврик дуже гарної якості.",https://cc-west-usa.oss-us-west-1.aliyuncs.com/comment/additional/0001/image/2025-07-14/768dba4e-3abf-4237-9c19-7dd778afb6a1.jpg|https://cc-west-usa.oss-us-west-1.aliyuncs.com/comment/additional/0001/image/2025-07-14/1a761b15-70ac-49ba-aeb9-14ab0298f5b0.jpg
4,CJGY2064580,2406200640451621700,2507140609281614208,2025-04-03T03:57:19+08:00,5,PE,O***r,buem oroficto,
4,CJGY2064580,2406200640451621700,2507140609141614718,2025-04-02T20:20:59+08:00,5,PE,K***i,Bello color,https://cc-west-usa.oss-us-west-1.aliyuncs.com/comment/additional/0001/image/2025-07-14/88661d6c-2e51-441c-af5e-bda047fedfd8.jpg|https://cc-west-usa.oss-us-west-1.aliyuncs.com/comment/additional/0001/image/2025-07-14/928d4b74-0c89-4a03-aacd-72dd1f58fbbd.jpg|https://cc-west-usa.oss-us-west-1.aliyuncs.com/comment/additional/0001/image/2025-07-14/143d07e3-b27d-463d-8af6-658e0e2763a3.jpg
4,CJGY2064580,2406200640451621700,2507140609031615704,2025-04-02T14:36:34+08:00,5,PE,X***b,Pequeño y fresco,https://cc-west-usa.oss-us-west-1.aliyuncs.com/comment/additional/0001/image/2025-07-14/3cdf5cca-d8d8-4b0d-9da1-8705fbe07ee9.jpg|https://cc-west-usa.oss-us-west-1.aliyuncs.com/comment/additional/0001/image/2025-07-14/740a96e3-1236-43db-8346-4b247ddb6121.jpg|https://cc-west-usa.oss-us-west-1.aliyuncs.com/comment/additional/0001/image/2025-07-14/dcad08c7-087c-40d7-aa67-658a695d3bea.jpg
4,CJGY2064580,2406200640451621700,2507140609281614109,2025-04-02T11:32:58+08:00,5,PE,L***l,Hermoso color,https://cc-west-usa.oss-us-west-1.aliyuncs.com/comment/additional/0001/image/2025-07-14/0086b5fd-c8e7-48da-971f-d5f75d30c039.jpg|https://cc-west-usa.oss-us-west-1.aliyuncs.com/comment/additional/0001/image/2025-07-14/c3de92aa-c394-488f-8545-1bf4b6c5fd1c.jpg|https://cc-west-usa.oss-us-west-1.aliyuncs.com/comment/additional/0001/image/2025-07-14/5d88d1a1-8136-48aa-862a-32d2ae3da22d.jpg
4,CJGY2064580,2406200640451621700,2507140609471610207,2025-04-02T10:18:08+08:00,5,PE,J***o,Muy fresh,https://cc-west-usa.oss-us-west-1.aliyuncs.com/comment/additional/0001/image/2025-07-14/e25e2449-2062-4e9b-9350-7780cada2421.jpg|https://cc-west-usa.oss-us-west-1.aliyuncs.com/comment/additional/0001/image/2025-07-14/daf8b5a4-bd7c-4de3-887e-ea5be742bbd9.jpg
4,CJGY2064580,2406200640451621700,2507140609141614716,2025-04-02T09:22:02+08:00,5,PE,R***m,"Buena confeccion, lindos",https://cc-west-usa.oss-us-west-1.aliyuncs.com/comment/additional/0001/image/2025-07-14/ddb74b9a-93cd-4dbf-96cf-5825e1e60a16.jpg|https://cc-west-usa.oss-us-west-1.aliyuncs.com/comment/additional/0001/image/2025-07-14/faeb16f1-704d-42d2-8514-e667c2a5dbf2.jpg
4,CJGY2064580,2406200640451621700,2507140609281614106,2025-04-02T02:20:51+08:00,5,PE,S***q,Super fresh,https://cc-west-usa.oss-us-west-1.aliyuncs.com/comment/additional/0001/image/2025-07-14/59697817-8816-445d-8d4a-005fdb0edadd.jpg|https://cc-west-usa.oss-us-west-1.aliyuncs.com/comment/additional/0001/image/2025-07-14/e71aaebc-d1ff-4e19-be13-d910bf46b262.jpg
4,CJGY2064580,2406200640451621700,2507140609141614700,2025-04-01T21:32:01+08:00,5,IL,A***n,"הנה משהו שמצאתי עכשיו ב- CJ : ibetyouibetyou
₪9.90 | מזרנית קירור לכלבים בקיץ, מיטת קירור לחיות מחמד גדולה נוספת לכלבים קטנים וגדולים, אביזרים לחיות מחמד, שמיכה עמידה לחתולים, שמיכת ספה קרה לחתולים
https://a. CJ .com/_oos4owz",
4,CJGY2064580,2406200640451621700,2507140610101617215,2025-03-31T15:53:45+08:00,3,IL,K***k,אחלה לא כזה קר אבל בסדר,
4,CJGY2064580,2406200640451621700,2507140609411615809,2025-03-29T16:11:38+08:00,5,CA,D***o,"so cute, my shih tzu loves it ",https://cc-west-usa.oss-us-west-1.aliyuncs.com/comment/additional/0001/image/2025-07-14/1aad6b8c-38f9-4a7f-9c65-d8d3d5d61350.jpg
4,CJGY2064580,2406200640451621700,2507140609591616417,2025-03-28T23:43:09+08:00,4,MX,H***t,"No entendí cual es su función, pensé que sería un tapete con gel congelante pero es un tapete cualquiera, puede que si funcione pero no es lo que esperaba ",
4,CJGY2064580,2406200640451621700,2507140609141614702,2025-03-28T00:20:34+08:00,5,MX,P***n,"todo bien, llegó a tiempo",https://cc-west-usa.oss-us-west-1.aliyuncs.com/comment/additional/0001/image/2025-07-14/56bc3757-f137-42c1-b077-695e0df4c090.jpg
4,CJGY2064580,2406200640451621700,2507140609571614903,2025-03-27T09:29:41+08:00,4,IL,Z***h,it's nice,
4,CJGY2064580,2406200640451621700,2507140610421619406,2025-03-26T13:31:43+08:00,1,NL,Z***i,"коврик ничего не охлаждает, бесполезное одеяло с которым не тепло,  не жарко. продавца не рекомендую.",https://cc-west-usa.oss-us-west-1.aliyuncs.com/comment/additional/0001/image/2025-07-14/13821cc3-26f3-4cdc-8afe-bcd1bf46b839.jpg
4,CJGY2064580,2406200640451621700,2507140610141615900,2025-03-24T13:25:08+08:00,3,ES,L***s,Llego muy pequeño ,
4,CJGY2064580,2406200640451621700,2507140610141615905,2025-03-24T12:40:03+08:00,3,MX,S***v,La compré para mi cachorro. Es muy pequeña esperemos sirva y se enfríe. ,https://cc-west-usa.oss-us-west-1.aliyuncs.com/comment/additional/0001/image/2025-07-14/716909d3-1693-4310-ab87-0b1bb47096d5.jpg
4,CJGY2064580,2406200640451621700,2507140609281614108,2025-03-23T07:48:35+08:00,5,UA,L***w,"Відчувається прохолода від коврика, але все точно буде зрозуміло коли буде тепла по більше)",
4,CJGY2064580,2406200640451621700,2507140610351617610,2025-03-21T14:15:15+08:00,2,MX,P***j,Las medidas no son las mismas  le faltan centímetros tanto de ancho como largo.,
4,CJGY2064580,2406200640451621700,2507140609471610214,2025-03-19T08:58:36+08:00,5,UA,N***u,"Якість хороша, всі шви акуратні. Буду перевіряти влітку наскільки працює. Брала розмір L для коргі - потрібно брати більший.",https://cc-west-usa.oss-us-west-1.aliyuncs.com/comment/additional/0001/image/2025-07-14/fcb1855a-2bad-41b1-b938-d7e8afdd2b4e.jpg
4,CJGY2064580,2406200640451621700,2507140609141614704,2025-03-17T19:54:59+08:00,5,MX,G***b,tal como se describe. no se si sea fresco pero me sirve para proteger la camita de mi perro que ya es grande de edad,
4,CJGY2064580,2406200640451621700,2507140609081614102,2025-03-17T02:02:52+08:00,5,CL,I***u,"a mis perritas les encantó para estos días de mucho calor, es ideal para el verano y tiene bonito color",
4,CJGY2064580,2406200640451621700,2507140609281614207,2025-03-15T21:12:33+08:00,5,UA,J***a,bono,
4,CJGY2064580,2406200640451621700,2507140610141615904,2025-03-14T20:53:33+08:00,3,BR,J***f,"não tem o tamanho de 40x 30, é ligeiramente menor, mas o tecido é geladinho",https://cc-west-usa.oss-us-west-1.aliyuncs.com/comment/additional/0001/image/2025-07-14/ccb73e65-7a17-4c12-beab-4b61458eea0b.jpg|https://cc-west-usa.oss-us-west-1.aliyuncs.com/comment/additional/0001/image/2025-07-14/19e3eae9-e2bb-4989-8ee0-aa80bc8f5c08.jpg|https://cc-west-usa.oss-us-west-1.aliyuncs.com/comment/additional/0001/image/2025-07-14/492b4291-4d1d-42bc-a811-ad9d8b3faae7.jpg|https://cc-west-usa.oss-us-west-1.aliyuncs.com/comment/additional/0001/image/2025-07-14/31f3810a-edd9-4aa5-bcaf-c06ef392dd04.jpg
4,CJGY2064580,2406200640451621700,2507140608581618706,2025-03-14T17:01:28+08:00,5,MX,J***p,excelente artículo de gran calidad y utilidad,
4,CJGY2064580,2406200640451621700,2507140609471610300,2025-03-14T00:12:03+08:00,5,MX,K***k,Buena calidad,https://cc-west-usa.oss-us-west-1.aliyuncs.com/comment/additional/0001/image/2025-07-14/00f4cd52-c919-443f-81b7-0a5583d48a2b.jpg|https://cc-west-usa.oss-us-west-1.aliyuncs.com/comment/additional/0001/image/2025-07-14/4bffd2d0-13cc-4924-921b-703f6a5692b6.jpg
4,CJGY2064580,2406200640451621700,2507140610421619416,2025-03-13T02:14:42+08:00,1,KR,P***s,"한쪽 길이가 스펙상 75cm인데 실제 길이는 68cm임
반품했음",https://cc-west-usa.oss-us-west-1.aliyuncs.com/comment/additional/0001/image/2025-07-14/f947aa82-37f1-41fb-9bbd-657a00583b05.jpg
4,CJGY2064580,2406200640451621700,2507140609281614104,2025-03-12T21:55:13+08:00,5,PY,Z***l,"el producto es tal cual lo esperaba, muy buen producto,  recomiendo al vendedor",
4,CJGY2064580,2406200640451621700,2507140609471610203,2025-03-12T17:43:37+08:00,5,PY,E***e,"el producto es tal cual lo esperaba, muy buen producto, recomiendo al vendedor",
4,CJGY2064580,2406200640451621700,2507140608581619001,2025-03-12T13:51:45+08:00,5,MX,W***l,"muy suave y fresca basaste bonita y llego bastante rápido para su entrega, bonita para las mascotas y fresca pata ellas",
4,CJGY2064580,2406200640451621700,2507140609031615703,2025-03-12T10:43:27+08:00,5,NL,E***w,mooie coolmatten,
4,CJGY2064580,2406200640451621700,2507140609211613210,2025-03-11T10:43:53+08:00,5,IT,Z***a,molto carino e fa fresco..la mia volpina ha subito gradito..consegna veloce e super..grazie,https://cc-west-usa.oss-us-west-1.aliyuncs.com/comment/additional/0001/image/2025-07-14/03b70b86-b03d-48f5-b3fd-9d7cf8a8f58c.jpg
4,CJGY2064580,2406200640451621700,2507140609571614901,2025-03-08T13:55:59+08:00,4,US,L***l,"Was far smaller than I expected, but that’s my fault on my part for not checking the size",
4,CJGY2064580,2406200640451621700,2507140609141614706,2025-03-07T17:56:47+08:00,5,ES,E***y,"Todo perfecto, excelente producto.
Cumple con su descripción.",
4,CJGY2064580,2406200640451621700,2507140609411615813,2025-03-06T21:03:10+08:00,5,US,C***p,This will help keep my dog cool during the hot days.,
4,CJGY2064580,2406200640451621700,2507140610421619409,2025-03-05T02:43:10+08:00,1,BR,I***e,É apenas um pano.. Não tem como esfriar nada sendo um pano... Não é tapete gel para cães e gatos... não recomendo...,
4,CJGY2064580,2406200640451621700,2507140609141614703,2025-03-04T23:04:23+08:00,5,CL,Q***l,A mi gato le encantó!,
4,CJGY2064580,2406200640451621700,2507140610421619402,2025-03-03T12:33:13+08:00,1,DE,H***t,коврик малюсенький качество плохое и вообще не охлаждающей,
4,CJGY2064580,2406200640451621700,2507140609141614717,2025-03-02T07:50:26+08:00,5,PE,G***p,"Tengo un pastor aleman, le quedo grande y le justo, es un poco resbaladiza pero se aconstumbrara.",
4,CJGY2064580,2406200640451621700,2507140609411615902,2025-02-28T17:18:52+08:00,5,PE,P***c,"Llegó rápido.
Tal cual la foto",https://cc-west-usa.oss-us-west-1.aliyuncs.com/comment/additional/0001/image/2025-07-14/4c8932d1-3533-44a8-86cf-95c981ad6182.jpg|https://cc-west-usa.oss-us-west-1.aliyuncs.com/comment/additional/0001/image/2025-07-14/cf4a3e2a-4924-457a-8e24-881129931aac.jpg|https://cc-west-usa.oss-us-west-1.aliyuncs.com/comment/additional/0001/image/2025-07-14/b628cb0f-87b2-4cb2-a649-42990e0e3d73.jpg
4,CJGY2064580,2406200640451621700,2507140608531619906,2025-02-27T20:43:30+08:00,5,MX,G***k,Buena calidad. Llegó en perfecto estado y del tamaño que pedí.  Se siente la tela fresca.,https://cc-west-usa.oss-us-west-1.aliyuncs.com/comment/additional/0001/image/2025-07-14/e16030cb-3117-4faa-a203-b4288329c6d1.jpg|https://cc-west-usa.oss-us-west-1.aliyuncs.com/comment/additional/0001/image/2025-07-14/c578e47b-3a95-47b4-970e-570637e4b5ad.jpg
4,CJGY2064580,2406200640451621700,2507140610101617212,2025-02-27T19:07:52+08:00,3,PE,T***i,"está bonito el color y el material, también la medida no es completa de acuerdo a la descripción",
4,CJGY2064580,2406200640451621700,2507140610101617211,2025-02-27T06:33:50+08:00,3,PE,Q***r,"está bonita aunque el tamaño no es exactamente igual al de la descripción,",https://cc-west-usa.oss-us-west-1.aliyuncs.com/comment/additional/0001/image/2025-07-14/3dbc6d4a-7a74-40fb-b501-b18cc491f10c.jpg
4,CJGY2064580,2406200640451621700,2507140608531619907,2025-02-25T22:01:25+08:00,5,CL,B***u,"por el precio esta bien, pero a mi parecer no cumple con mis expectativas de proporcionar frío a mi mascota",
4,CJGY2064580,2406200640451621700,2507140608581618711,2025-02-25T05:54:32+08:00,5,UY,K***m,"muy buena calidad, excelente producto, y a mi gatito está encantado...gracias al vendedor 😊 llegó antes de lo esperado y muy bien embalado...",
4,CJGY2064580,2406200640451621700,2507140608581618701,2025-02-22T18:23:39+08:00,5,PE,W***c,"a mí perro le gustó, lo mantiene fresco, la tela no quema por más que hagas fricción con tu mano.",https://cc-west-usa.oss-us-west-1.aliyuncs.com/comment/additional/0001/image/2025-07-14/3e82861b-4bf0-47af-b925-1bd6123e0268.jpg
4,CJGY2064580,2406200640451621700,2507140608541610001,2025-02-22T08:08:32+08:00,5,UA,H***k,пришло очень быстро.он действительно холодит одной хаске понравилось она попробывала полежать а второй боится я хотела и ему взять второй.он красивый коврик,
4,CJGY2064580,2406200640451621700,2507140610351617611,2025-02-20T23:48:38+08:00,2,US,G***b,"la compré pensando en que el frío de la colcha duraría más pero la verdad dura un par de minutos fría a pesar de que la dejo toda la noche en la congeladora,,, ",
4,CJGY2064580,2406200640451621700,2507140608531619908,2025-02-20T16:29:18+08:00,5,CL,B***k,se observa de buena calidad,
4,CJGY2064580,2406200640451621700,2507140608581618707,2025-02-20T06:51:59+08:00,5,CL,W***m,"idéntico a la foto, muy bueno y excelente calidad",
4,CJGY2064580,2406200640451621700,2507140610421619415,2025-02-20T02:23:33+08:00,1,CL,J***m,No cumple la función y es demasiado pequeña y muy plática ,
4,CJGY2064580,2406200640451621700,2507140608531619905,2025-02-18T09:27:00+08:00,5,BR,W***g,Produto de excelente qualidade  Recomendo o vendedor,
4,CJGY2064580,2406200640451621700,2507140609571614902,2025-02-18T01:42:23+08:00,4,MX,P***o,Pense que era mas rigido pero se siente fresco la tela es de buen material,https://cc-west-usa.oss-us-west-1.aliyuncs.com/comment/additional/0001/image/2025-07-14/fd0a6609-e32d-41b8-b6f1-d6d5bd88d1a0.jpg
4,CJGY2064580,2406200640451621700,2507140609571614904,2025-02-17T13:43:44+08:00,4,BR,I***z,não é muito refrescante mas é bom,
4,CJGY2064580,2406200640451621700,2507140610351617607,2025-02-16T14:05:09+08:00,2,PE,U***v,el producto no es frío. no se ajusta a la descripción,
4,CJGY2064580,2406200640451621700,2507140610421619403,2025-02-16T00:02:36+08:00,1,CL,A***n,"es demasiado pequeña, para un perro enano, un engaño",
4,CJGY2064580,2406200640451621700,2507140608541610004,2025-02-11T21:33:20+08:00,5,NZ,H***y,"well made, withstands the claw scratches.",
4,CJGY2064580,2406200640451621700,2507140609031615701,2025-02-11T19:56:07+08:00,5,NZ,H***b,"My dog loves these, keeps her cool but not cold.",
4,CJGY2064580,2406200640451621700,2507140608581618705,2025-02-10T16:16:09+08:00,5,MX,E***c,no lo he utilizado pero se ve de buena calidad,
4,CJGY2064580,2406200640451621700,2507140609031615708,2025-02-09T14:27:06+08:00,5,CL,H***l,justo como en la descripción y se nota la diferencia de temperatura,
4,CJGY2064580,2406200640451621700,2507140609591616404,2025-02-09T00:40:38+08:00,4,PE,E***r,Muy pequeña,
4,CJGY2064580,2406200640451621700,2507140609081614103,2025-02-07T21:38:54+08:00,5,CL,Y***z,Buena,
4,CJGY2064580,2406200640451621700,2507140609341611906,2025-02-05T23:49:15+08:00,5,CL,G***g,"Amplia, buena calidad y realmente fresca. Recomiendo ",
4,CJGY2064580,2406200640451621700,2507140608531619909,2025-02-04T16:22:02+08:00,5,CL,V***b,"No es tan térmica que digamos, sirve para que descanse el perrito, pero no lo mantiene fresco, para el precio está bien y es la medida que dice la publicación ",https://cc-west-usa.oss-us-west-1.aliyuncs.com/comment/additional/0001/image/2025-07-14/7059265e-1360-4a0d-ab2e-6ac567057a7a.jpg|https://cc-west-usa.oss-us-west-1.aliyuncs.com/comment/additional/0001/image/2025-07-14/2cef441b-816f-494d-8ca3-7f23a8b7a775.jpg
4,CJGY2064580,2406200640451621700,2507140609211613300,2025-02-04T05:44:08+08:00,5,ES,I***k,Entregado en tiempo. Todo perfecto,
4,CJGY2064580,2406200640451621700,2507140608541610002,2025-02-01T10:41:08+08:00,5,US,Q***d,I like it and my dog loves it he lays on it all the time now I'm glad I got it something cool off cuz usually trying to find somewhere to lay where it's cool but now you don't have to worry about that no more,
4,CJGY2064580,2406200640451621700,2507140610101617218,2025-02-01T01:10:49+08:00,3,US,T***n,………,
4,CJGY2064580,2406200640451621700,2507140609411615805,2025-01-30T08:55:47+08:00,5,CL,Y***p,"Cumple con las caracteristicas, a mi mascota le encanta",
4,CJGY2064580,2406200640451621700,2507140609411615802,2025-01-29T11:28:36+08:00,5,CL,H***c,"A mi gatita le encantó, súper rápido el envío 💯",https://cc-west-usa.oss-us-west-1.aliyuncs.com/comment/additional/0001/image/2025-07-14/6aad209a-89e1-432c-bbb0-9790b58572b1.jpg
4,CJGY2064580,2406200640451621700,2507140609411615806,2025-01-29T07:41:54+08:00,5,AU,I***d,she loves her cooling mat 🐱,https://cc-west-usa.oss-us-west-1.aliyuncs.com/comment/additional/0001/image/2025-07-14/d357b9ad-142f-4f61-81f2-c4080d41dce4.jpg
4,CJGY2064580,2406200640451621700,2507140609571614906,2025-01-28T03:44:04+08:00,4,CL,K***h,"mis mascotas no le hicieron mucho caso, pero el material se veía fresco, aunque igual al tiempo se entibia.",
4,CJGY2064580,2406200640451621700,2507140609591616408,2025-01-27T06:03:35+08:00,4,IT,N***d,"il tapetto  e' arrivato le misure sono corrette speriamo faccia fresco d'estate ,da vedere.ok",
4,CJGY2064580,2406200640451621700,2507140609591616411,2025-01-27T05:07:44+08:00,4,UY,F***o,muy bueno y muy buena calidad,
4,CJGY2064580,2406200640451621700,2507140610141615911,2025-01-26T10:36:19+08:00,3,CL,I***a,a mi perrito le gustó pero no dura  tanto fría la usa un rato,
4,CJGY2064580,2406200640451621700,2507140610421619401,2025-01-26T06:35:16+08:00,1,UA,P***e,"товаром не забоволена.протікає,як звичайна ганчірка.не рекомендую",
4,CJGY2064580,2406200640451621700,2507140609471610212,2025-01-24T20:18:54+08:00,5,CL,Z***v,todo ok,
4,CJGY2064580,2406200640451621700,2507140609411615812,2025-01-24T01:12:49+08:00,5,CL,C***v,todo ok,
4,CJGY2064580,2406200640451621700,2507140609341611908,2025-01-23T04:40:13+08:00,5,BR,D***n,chegou rapido,https://cc-west-usa.oss-us-west-1.aliyuncs.com/comment/additional/0001/image/2025-07-14/9c71462b-579c-4b55-b3b1-d1cc75cfbd7e.jpg
4,CJGY2064580,2406200640451621700,2507140609211613200,2025-01-23T00:15:53+08:00,5,UA,J***w,"посылка пришла вовремя, коврик нам понравился, качество хорошее, собачка наша заценила, очень довольны посылкой.",
4,CJGY2064580,2406200640451621700,2507140610421619405,2025-01-22T02:14:11+08:00,1,CL,Y***r,mala calidad no creo que sea cooling,
4,CJGY2064580,2406200640451621700,2507140609031615709,2025-01-20T16:45:33+08:00,5,UA,Q***y,"медленно нагревается, быстро остывает. котам нравится.",
4,CJGY2064580,2406200640451621700,2507140609471610302,2025-01-19T09:42:02+08:00,5,ES,U***d,Perfecto ,
4,CJGY2064580,2406200640451621700,2507140609211613302,2025-01-18T19:09:26+08:00,5,CL,W***j,perfecto para mí perrita 👍,
4,CJGY2064580,2406200640451621700,2507140609281614201,2025-01-17T09:49:33+08:00,5,US,P***n,Great materials Great materials Great materials Great materials Great materials Great materials Great materials Great materials Great materials Great materials Great materials Great materials Great materials Great materials Great materials Great materials ,
4,CJGY2064580,2406200640451621700,2507140609591616415,2025-01-16T22:54:22+08:00,4,CL,T***o,"Pensé que sería más grande, pero sirve",
4,CJGY2064580,2406200640451621700,2507140609081614105,2025-01-15T23:04:52+08:00,5,UA,I***i,"Замовила 06.01.2025 отримала 15.01.
Товар відповідає вимогам. Стороннього запаху немає, хвостик з задоволенням відразу ліг. Дякую продавцю.",https://cc-west-usa.oss-us-west-1.aliyuncs.com/comment/additional/0001/image/2025-07-14/f417b649-0c9b-4735-a4ab-5f5ba809a4d6.jpg
5,CJGY1942967,1744342631724888064,1761989772467245056,2024-01-30T17:13:15+08:00,5,ES,T***w,👌👍🏼😊💕,
5,CJGY1942967,1744342631724888064,1761989772467245058,2024-01-26T03:55:10+08:00,4,CL,K***o,el material es deficiente,
5,CJGY1942967,1744342631724888064,1761989772467245057,2024-01-14T22:08:11+08:00,4,FR,H***n,"dommage que ça soit aussi fin, j'ai dû rajouter un plaid sinon mes chats n'y allaient pas.",
5,CJGY1942967,1744342631724888064,1761989772463050752,2023-12-28T23:03:28+08:00,5,NL,O***l,"Looks great, maybe a little big for our cat. But will definitely do the job in protecting our couch from cat hair. ",
5,CJGY1942967,1744342631724888064,1761989772471439360,2023-11-08T14:45:24+08:00,3,FR,R***x,qualité moyenne,
